Time (Sec);S8;S1;S6;S7;S9;S14;S13;S12;S15;S5;S2;S3;S4;S16;S10;S17;S21;S19;S18;S20;S16;S11;
0.0;100.0;100.0;100.0;100.0;100.0;100.0;100.0;100.0;100.0;100.0;100.0;100.0;100.0;19160.0;100.0;100.0;100.0;100.0;100.0;100.0;100.0;100.0;
0.0033333333333333335;100.0;100.0;100.0;100.0;100.0;100.0;100.0;100.0;100.0;100.0;100.0;100.0;100.0;19160.0;100.0;100.0;100.0;100.0;100.0;100.0;100.0;100.0;
0.0033333333333333335;100.0;100.0;100.0;100.0;100.0;100.0;100.0;100.0;100.0;100.0;100.0;100.0;100.0;19160.0;100.0;100.0;100.0;100.0;100.0;100.0;100.0;100.0;
0.08539466666666666;99.9341056;99.9341056;99.9341056;99.9341056;99.9341056;99.9341056;99.9341056;99.9341056;99.9341056;99.9341056;99.9341056;99.9341056;99.9341056;19160.0;99.9341056;99.9341056;99.9341056;99.9341056;99.9341056;99.9341056;99.9341056;99.9341056;
0.08539466666666666;99.7977088;99.7977088;99.7977088;99.7977088;99.7977088;99.9341056;99.9341056;99.9341056;99.9341056;99.7977088;99.7977088;99.7977088;99.7977088;19160.0;99.9341056;99.9341056;99.9341056;99.9341056;99.9341056;99.9341056;99.9341056;99.9341056;
0.08539466666666666;99.7977088;99.7977088;99.7977088;99.7977088;99.7977088;99.7977088;99.7977088;99.7977088;99.7977088;99.7977088;99.7977088;99.7977088;99.7977088;19160.0;99.7977088;99.7977088;99.7977088;99.7977088;99.7977088;99.7977088;99.7977088;99.7977088;
0.10333333333333333;99.7977088;99.7977088;99.7977088;99.7977088;99.7977088;99.7977088;99.7977088;99.7977088;99.7977088;99.7977088;99.7977088;99.7977088;99.7977088;19160.0;99.7977088;99.7977088;99.7977088;99.7977088;99.7977088;99.7977088;99.7977088;99.7977088;
0.16412266666666667;99.27055359999996;99.27055359999996;99.27055359999996;99.27055359999996;99.27055359999996;99.20465919999995;99.20465919999995;99.20465919999995;99.20465919999995;99.27055359999996;99.27055359999996;99.27055359999996;99.27055359999996;19160.0;99.20465919999995;99.20465919999995;99.20465919999995;99.20465919999995;99.20465919999995;99.20465919999995;99.7977088;99.20465919999995;
0.164956;98.4798207999999;98.4798207999999;98.4798207999999;98.4798207999999;98.4798207999999;98.4798207999999;98.4798207999999;98.4798207999999;98.4798207999999;98.4798207999999;98.4798207999999;98.4798207999999;98.4798207999999;19160.0;98.4798207999999;98.4798207999999;98.4798207999999;98.4798207999999;98.4798207999999;98.4798207999999;99.7977088;98.4798207999999;
0.20333333333333334;98.4798207999999;98.4798207999999;98.4798207999999;98.4798207999999;98.4798207999999;98.4798207999999;98.4798207999999;98.4798207999999;98.4798207999999;98.4798207999999;98.4798207999999;98.4798207999999;98.4798207999999;19160.0;98.4798207999999;98.4798207999999;98.4798207999999;98.4798207999999;98.4798207999999;98.4798207999999;99.7977088;98.4798207999999;
0.30333333333333334;98.4798207999999;98.4798207999999;98.4798207999999;98.4798207999999;98.4798207999999;98.4798207999999;98.4798207999999;98.4798207999999;98.4798207999999;98.4798207999999;98.4798207999999;98.4798207999999;98.4798207999999;19160.0;98.4798207999999;98.4798207999999;98.4798207999999;98.4798207999999;98.4798207999999;98.4798207999999;99.7977088;98.4798207999999;
0.4033333333333333;98.4798207999999;98.4798207999999;98.4798207999999;98.4798207999999;98.4798207999999;98.4798207999999;98.4798207999999;98.4798207999999;98.4798207999999;98.4798207999999;98.4798207999999;98.4798207999999;98.4798207999999;19160.0;98.4798207999999;98.4798207999999;98.4798207999999;98.4798207999999;98.4798207999999;98.4798207999999;99.7977088;98.4798207999999;
0.5033333333333333;98.4798207999999;98.4798207999999;98.4798207999999;98.4798207999999;98.4798207999999;98.4798207999999;98.4798207999999;98.4798207999999;98.4798207999999;98.4798207999999;98.4798207999999;98.4798207999999;98.4798207999999;19160.0;98.4798207999999;98.4798207999999;98.4798207999999;98.4798207999999;98.4798207999999;98.4798207999999;99.7977088;98.4798207999999;
0.6033333333333333;98.4798207999999;98.4798207999999;98.4798207999999;98.4798207999999;98.4798207999999;98.4798207999999;98.4798207999999;98.4798207999999;98.4798207999999;98.4798207999999;98.4798207999999;98.4798207999999;98.4798207999999;19160.0;98.4798207999999;98.4798207999999;98.4798207999999;98.4798207999999;98.4798207999999;98.4798207999999;99.7977088;98.4798207999999;
0.7033333333333333;98.4798207999999;98.4798207999999;98.4798207999999;98.4798207999999;98.4798207999999;98.4798207999999;98.4798207999999;98.4798207999999;98.4798207999999;98.4798207999999;98.4798207999999;98.4798207999999;98.4798207999999;19160.0;98.4798207999999;98.4798207999999;98.4798207999999;98.4798207999999;98.4798207999999;98.4798207999999;99.7977088;98.4798207999999;
0.8033333333333332;98.4798207999999;98.4798207999999;98.4798207999999;98.4798207999999;98.4798207999999;98.4798207999999;98.4798207999999;98.4798207999999;98.4798207999999;98.4798207999999;98.4798207999999;98.4798207999999;98.4798207999999;19160.0;98.4798207999999;98.4798207999999;98.4798207999999;98.4798207999999;98.4798207999999;98.4798207999999;99.7977088;98.4798207999999;
0.9033333333333332;98.4798207999999;98.4798207999999;98.4798207999999;98.4798207999999;98.4798207999999;98.4798207999999;98.4798207999999;98.4798207999999;98.4798207999999;98.4798207999999;98.4798207999999;98.4798207999999;98.4798207999999;19160.0;98.4798207999999;98.4798207999999;98.4798207999999;98.4798207999999;98.4798207999999;98.4798207999999;99.7977088;98.4798207999999;
1.0033333333333332;98.4798207999999;98.4798207999999;98.4798207999999;98.4798207999999;98.4798207999999;98.4798207999999;98.4798207999999;98.4798207999999;98.4798207999999;98.4798207999999;98.4798207999999;98.4798207999999;98.4798207999999;19160.0;98.4798207999999;98.4798207999999;98.4798207999999;98.4798207999999;98.4798207999999;98.4798207999999;99.7977088;98.4798207999999;
1.0853946666666665;98.4797207999999;98.4797207999999;98.4797207999999;98.4797207999999;98.4797207999999;98.4797207999999;98.4797207999999;98.4797207999999;98.4797207999999;98.4797207999999;98.4797207999999;98.4797207999999;98.4797207999999;19160.0;98.4797207999999;98.4797207999999;98.4797207999999;98.4797207999999;98.4797207999999;98.4797207999999;99.79760879999999;98.4797207999999;
1.103333333333333;98.4797207999999;98.4797207999999;98.4797207999999;98.4797207999999;98.4797207999999;98.4797207999999;98.4797207999999;98.4797207999999;98.4797207999999;98.4797207999999;98.4797207999999;98.4797207999999;98.4797207999999;19160.0;98.4797207999999;98.4797207999999;98.4797207999999;98.4797207999999;98.4797207999999;98.4797207999999;99.79760879999999;98.4797207999999;
1.1853946666666664;98.4797207999999;98.4797207999999;98.4797207999999;98.4797207999999;98.4797207999999;98.4797207999999;98.4797207999999;98.4797207999999;98.4797207999999;98.4797207999999;98.4797207999999;98.4797207999999;98.4797207999999;19160.0;98.4797207999999;98.4797207999999;98.4797207999999;98.4797207999999;98.4797207999999;98.4797207999999;99.79760879999999;98.4797207999999;
1.203333333333333;98.4797207999999;98.4797207999999;98.4797207999999;98.4797207999999;98.4797207999999;98.4797207999999;98.4797207999999;98.4797207999999;98.4797207999999;98.4797207999999;98.4797207999999;98.4797207999999;98.4797207999999;19160.0;98.4797207999999;98.4797207999999;98.4797207999999;98.4797207999999;98.4797207999999;98.4797207999999;99.79760879999999;98.4797207999999;
1.303333333333333;98.4797207999999;98.4797207999999;98.4797207999999;98.4797207999999;98.4797207999999;98.4797207999999;98.4797207999999;98.4797207999999;98.4797207999999;98.4797207999999;98.4797207999999;98.4797207999999;98.4797207999999;19160.0;98.4797207999999;98.4797207999999;98.4797207999999;98.4797207999999;98.4797207999999;98.4797207999999;99.79760879999999;98.4797207999999;
1.403333333333333;98.4797207999999;98.4797207999999;98.4797207999999;98.4797207999999;98.4797207999999;98.4797207999999;98.4797207999999;98.4797207999999;98.4797207999999;98.4797207999999;98.4797207999999;98.4797207999999;98.4797207999999;19160.0;98.4797207999999;98.4797207999999;98.4797207999999;98.4797207999999;98.4797207999999;98.4797207999999;99.79760879999999;98.4797207999999;
1.5033333333333332;98.4797207999999;98.4797207999999;98.4797207999999;98.4797207999999;98.4797207999999;98.4797207999999;98.4797207999999;98.4797207999999;98.4797207999999;98.4797207999999;98.4797207999999;98.4797207999999;98.4797207999999;19160.0;98.4797207999999;98.4797207999999;98.4797207999999;98.4797207999999;98.4797207999999;98.4797207999999;99.79760879999999;98.4797207999999;
1.6033333333333333;98.4797207999999;98.4797207999999;98.4797207999999;98.4797207999999;98.4797207999999;98.4797207999999;98.4797207999999;98.4797207999999;98.4797207999999;98.4797207999999;98.4797207999999;98.4797207999999;98.4797207999999;19160.0;98.4797207999999;98.4797207999999;98.4797207999999;98.4797207999999;98.4797207999999;98.4797207999999;99.79760879999999;98.4797207999999;
1.7033333333333334;98.4797207999999;98.4797207999999;98.4797207999999;98.4797207999999;98.4797207999999;98.4797207999999;98.4797207999999;98.4797207999999;98.4797207999999;98.4797207999999;98.4797207999999;98.4797207999999;98.4797207999999;19160.0;98.4797207999999;98.4797207999999;98.4797207999999;98.4797207999999;98.4797207999999;98.4797207999999;99.79760879999999;98.4797207999999;
1.8033333333333335;98.4797207999999;98.4797207999999;98.4797207999999;98.4797207999999;98.4797207999999;98.4797207999999;98.4797207999999;98.4797207999999;98.4797207999999;98.4797207999999;98.4797207999999;98.4797207999999;98.4797207999999;19160.0;98.4797207999999;98.4797207999999;98.4797207999999;98.4797207999999;98.4797207999999;98.4797207999999;99.79760879999999;98.4797207999999;
1.9033333333333335;98.4797207999999;98.4797207999999;98.4797207999999;98.4797207999999;98.4797207999999;98.4797207999999;98.4797207999999;98.4797207999999;98.4797207999999;98.4797207999999;98.4797207999999;98.4797207999999;98.4797207999999;19160.0;98.4797207999999;98.4797207999999;98.4797207999999;98.4797207999999;98.4797207999999;98.4797207999999;99.79760879999999;98.4797207999999;
2.0033333333333334;98.4797207999999;98.4797207999999;98.4797207999999;98.4797207999999;98.4797207999999;98.4797207999999;98.4797207999999;98.4797207999999;98.4797207999999;98.4797207999999;98.4797207999999;98.4797207999999;98.4797207999999;19160.0;98.4797207999999;98.4797207999999;98.4797207999999;98.4797207999999;98.4797207999999;98.4797207999999;99.79760879999999;98.4797207999999;
2.0853946666666667;98.47962079999989;98.47962079999989;98.47962079999989;98.47962079999989;98.47962079999989;98.47962079999989;98.47962079999989;98.47962079999989;98.47962079999989;98.47962079999989;98.47962079999989;98.47962079999989;98.47962079999989;19160.0;98.47962079999989;98.47962079999989;98.47962079999989;98.47962079999989;98.47962079999989;98.47962079999989;99.79760879999999;98.47962079999989;
2.1033333333333335;98.47962079999989;98.47962079999989;98.47962079999989;98.47962079999989;98.47962079999989;98.47962079999989;98.47962079999989;98.47962079999989;98.47962079999989;98.47962079999989;98.47962079999989;98.47962079999989;98.47962079999989;19160.0;98.47962079999989;98.47962079999989;98.47962079999989;98.47962079999989;98.47962079999989;98.47962079999989;99.79760879999999;98.47962079999989;
2.185394666666667;98.47962079999989;98.47962079999989;98.47962079999989;98.47962079999989;98.47962079999989;98.47962079999989;98.47962079999989;98.47962079999989;98.47962079999989;98.47962079999989;98.47962079999989;98.47962079999989;98.47962079999989;19160.0;98.47962079999989;98.47962079999989;98.47962079999989;98.47962079999989;98.47962079999989;98.47962079999989;99.79750879999999;98.47962079999989;
2.203333333333333;98.47962079999989;98.47962079999989;98.47962079999989;98.47962079999989;98.47962079999989;98.47962079999989;98.47962079999989;98.47962079999989;98.47962079999989;98.47962079999989;98.47962079999989;98.47962079999989;98.47962079999989;19160.0;98.47962079999989;98.47962079999989;98.47962079999989;98.47962079999989;98.47962079999989;98.47962079999989;99.79750879999999;98.47962079999989;
2.2853946666666665;98.47962079999989;98.47962079999989;98.47962079999989;98.47962079999989;98.47962079999989;98.47962079999989;98.47962079999989;98.47962079999989;98.47962079999989;98.47962079999989;98.47962079999989;98.47962079999989;98.47962079999989;19160.0;98.47962079999989;98.47962079999989;98.47962079999989;98.47962079999989;98.47962079999989;98.47962079999989;99.79750879999999;98.47962079999989;
2.303333333333333;98.47962079999989;98.47962079999989;98.47962079999989;98.47962079999989;98.47962079999989;98.47962079999989;98.47962079999989;98.47962079999989;98.47962079999989;98.47962079999989;98.47962079999989;98.47962079999989;98.47962079999989;19160.0;98.47962079999989;98.47962079999989;98.47962079999989;98.47962079999989;98.47962079999989;98.47962079999989;99.79750879999999;98.47962079999989;
2.403333333333333;98.47962079999989;98.47962079999989;98.47962079999989;98.47962079999989;98.47962079999989;98.47962079999989;98.47962079999989;98.47962079999989;98.47962079999989;98.47962079999989;98.47962079999989;98.47962079999989;98.47962079999989;19160.0;98.47962079999989;98.47962079999989;98.47962079999989;98.47962079999989;98.47962079999989;98.47962079999989;99.79750879999999;98.47962079999989;
2.503333333333333;98.47962079999989;98.47962079999989;98.47962079999989;98.47962079999989;98.47962079999989;98.47962079999989;98.47962079999989;98.47962079999989;98.47962079999989;98.47962079999989;98.47962079999989;98.47962079999989;98.47962079999989;19160.0;98.47962079999989;98.47962079999989;98.47962079999989;98.47962079999989;98.47962079999989;98.47962079999989;99.79750879999999;98.47962079999989;
2.603333333333333;98.47962079999989;98.47962079999989;98.47962079999989;98.47962079999989;98.47962079999989;98.47962079999989;98.47962079999989;98.47962079999989;98.47962079999989;98.47962079999989;98.47962079999989;98.47962079999989;98.47962079999989;19160.0;98.47962079999989;98.47962079999989;98.47962079999989;98.47962079999989;98.47962079999989;98.47962079999989;99.79750879999999;98.47962079999989;
2.703333333333333;98.47962079999989;98.47962079999989;98.47962079999989;98.47962079999989;98.47962079999989;98.47962079999989;98.47962079999989;98.47962079999989;98.47962079999989;98.47962079999989;98.47962079999989;98.47962079999989;98.47962079999989;19160.0;98.47962079999989;98.47962079999989;98.47962079999989;98.47962079999989;98.47962079999989;98.47962079999989;99.79750879999999;98.47962079999989;
2.8033333333333332;98.47962079999989;98.47962079999989;98.47962079999989;98.47962079999989;98.47962079999989;98.47962079999989;98.47962079999989;98.47962079999989;98.47962079999989;98.47962079999989;98.47962079999989;98.47962079999989;98.47962079999989;19160.0;98.47962079999989;98.47962079999989;98.47962079999989;98.47962079999989;98.47962079999989;98.47962079999989;99.79750879999999;98.47962079999989;
2.9033333333333333;98.47962079999989;98.47962079999989;98.47962079999989;98.47962079999989;98.47962079999989;98.47962079999989;98.47962079999989;98.47962079999989;98.47962079999989;98.47962079999989;98.47962079999989;98.47962079999989;98.47962079999989;19160.0;98.47962079999989;98.47962079999989;98.47962079999989;98.47962079999989;98.47962079999989;98.47962079999989;99.79750879999999;98.47962079999989;
3.0033333333333334;98.47962079999989;98.47962079999989;98.47962079999989;98.47962079999989;98.47962079999989;98.47962079999989;98.47962079999989;98.47962079999989;98.47962079999989;98.47962079999989;98.47962079999989;98.47962079999989;98.47962079999989;19160.0;98.47962079999989;98.47962079999989;98.47962079999989;98.47962079999989;98.47962079999989;98.47962079999989;99.79750879999999;98.47962079999989;
3.0853946666666667;98.47952079999989;98.47952079999989;98.47952079999989;98.47952079999989;98.47952079999989;98.47952079999989;98.47952079999989;98.47952079999989;98.47952079999989;98.47952079999989;98.47952079999989;98.47952079999989;98.47952079999989;19160.0;98.47952079999989;98.47952079999989;98.47952079999989;98.47952079999989;98.47952079999989;98.47952079999989;99.79750879999999;98.47952079999989;
3.1033333333333335;98.47952079999989;98.47952079999989;98.47952079999989;98.47952079999989;98.47952079999989;98.47952079999989;98.47952079999989;98.47952079999989;98.47952079999989;98.47952079999989;98.47952079999989;98.47952079999989;98.47952079999989;19160.0;98.47952079999989;98.47952079999989;98.47952079999989;98.47952079999989;98.47952079999989;98.47952079999989;99.79750879999999;98.47952079999989;
3.2033333333333336;98.47952079999989;98.47952079999989;98.47952079999989;98.47952079999989;98.47952079999989;98.47952079999989;98.47952079999989;98.47952079999989;98.47952079999989;98.47952079999989;98.47952079999989;98.47952079999989;98.47952079999989;19160.0;98.47952079999989;98.47952079999989;98.47952079999989;98.47952079999989;98.47952079999989;98.47952079999989;99.79750879999999;98.47952079999989;
3.2853946666666674;98.47952079999989;98.47952079999989;98.47952079999989;98.47952079999989;98.47952079999989;98.47952079999989;98.47952079999989;98.47952079999989;98.47952079999989;98.47952079999989;98.47952079999989;98.47952079999989;98.47952079999989;19160.0;98.47952079999989;98.47952079999989;98.47952079999989;98.47952079999989;98.47952079999989;98.47952079999989;99.79740879999999;98.47952079999989;
3.3033333333333337;98.47952079999989;98.47952079999989;98.47952079999989;98.47952079999989;98.47952079999989;98.47952079999989;98.47952079999989;98.47952079999989;98.47952079999989;98.47952079999989;98.47952079999989;98.47952079999989;98.47952079999989;19160.0;98.47952079999989;98.47952079999989;98.47952079999989;98.47952079999989;98.47952079999989;98.47952079999989;99.79740879999999;98.47952079999989;
3.3853946666666674;98.47952079999989;98.47952079999989;98.47952079999989;98.47952079999989;98.47952079999989;98.47952079999989;98.47952079999989;98.47952079999989;98.47952079999989;98.47952079999989;98.47952079999989;98.47952079999989;98.47952079999989;19160.0;98.47952079999989;98.47952079999989;98.47952079999989;98.47952079999989;98.47952079999989;98.47952079999989;99.79740879999999;98.47952079999989;
3.4033333333333338;98.47952079999989;98.47952079999989;98.47952079999989;98.47952079999989;98.47952079999989;98.47952079999989;98.47952079999989;98.47952079999989;98.47952079999989;98.47952079999989;98.47952079999989;98.47952079999989;98.47952079999989;19160.0;98.47952079999989;98.47952079999989;98.47952079999989;98.47952079999989;98.47952079999989;98.47952079999989;99.79740879999999;98.47952079999989;
3.503333333333334;98.47952079999989;98.47952079999989;98.47952079999989;98.47952079999989;98.47952079999989;98.47952079999989;98.47952079999989;98.47952079999989;98.47952079999989;98.47952079999989;98.47952079999989;98.47952079999989;98.47952079999989;19160.0;98.47952079999989;98.47952079999989;98.47952079999989;98.47952079999989;98.47952079999989;98.47952079999989;99.79740879999999;98.47952079999989;
3.603333333333334;98.47952079999989;98.47952079999989;98.47952079999989;98.47952079999989;98.47952079999989;98.47952079999989;98.47952079999989;98.47952079999989;98.47952079999989;98.47952079999989;98.47952079999989;98.47952079999989;98.47952079999989;19160.0;98.47952079999989;98.47952079999989;98.47952079999989;98.47952079999989;98.47952079999989;98.47952079999989;99.79740879999999;98.47952079999989;
3.703333333333334;98.47952079999989;98.47952079999989;98.47952079999989;98.47952079999989;98.47952079999989;98.47952079999989;98.47952079999989;98.47952079999989;98.47952079999989;98.47952079999989;98.47952079999989;98.47952079999989;98.47952079999989;19160.0;98.47952079999989;98.47952079999989;98.47952079999989;98.47952079999989;98.47952079999989;98.47952079999989;99.79740879999999;98.47952079999989;
3.803333333333334;98.47952079999989;98.47952079999989;98.47952079999989;98.47952079999989;98.47952079999989;98.47952079999989;98.47952079999989;98.47952079999989;98.47952079999989;98.47952079999989;98.47952079999989;98.47952079999989;98.47952079999989;19160.0;98.47952079999989;98.47952079999989;98.47952079999989;98.47952079999989;98.47952079999989;98.47952079999989;99.79740879999999;98.47952079999989;
3.903333333333334;98.47952079999989;98.47952079999989;98.47952079999989;98.47952079999989;98.47952079999989;98.47952079999989;98.47952079999989;98.47952079999989;98.47952079999989;98.47952079999989;98.47952079999989;98.47952079999989;98.47952079999989;19160.0;98.47952079999989;98.47952079999989;98.47952079999989;98.47952079999989;98.47952079999989;98.47952079999989;99.79740879999999;98.47952079999989;
4.003333333333334;98.47952079999989;98.47952079999989;98.47952079999989;98.47952079999989;98.47952079999989;98.47952079999989;98.47952079999989;98.47952079999989;98.47952079999989;98.47952079999989;98.47952079999989;98.47952079999989;98.47952079999989;19160.0;98.47952079999989;98.47952079999989;98.47952079999989;98.47952079999989;98.47952079999989;98.47952079999989;99.79740879999999;98.47952079999989;
4.085394666666668;98.47942079999989;98.47942079999989;98.47942079999989;98.47942079999989;98.47942079999989;98.47942079999989;98.47942079999989;98.47942079999989;98.47942079999989;98.47942079999989;98.47942079999989;98.47942079999989;98.47942079999989;19160.0;98.47942079999989;98.47942079999989;98.47942079999989;98.47942079999989;98.47942079999989;98.47942079999989;99.79740879999999;98.47942079999989;
4.103333333333334;98.47942079999989;98.47942079999989;98.47942079999989;98.47942079999989;98.47942079999989;98.47942079999989;98.47942079999989;98.47942079999989;98.47942079999989;98.47942079999989;98.47942079999989;98.47942079999989;98.47942079999989;19160.0;98.47942079999989;98.47942079999989;98.47942079999989;98.47942079999989;98.47942079999989;98.47942079999989;99.79740879999999;98.47942079999989;
4.203333333333334;98.47942079999989;98.47942079999989;98.47942079999989;98.47942079999989;98.47942079999989;98.47942079999989;98.47942079999989;98.47942079999989;98.47942079999989;98.47942079999989;98.47942079999989;98.47942079999989;98.47942079999989;19160.0;98.47942079999989;98.47942079999989;98.47942079999989;98.47942079999989;98.47942079999989;98.47942079999989;99.79740879999999;98.47942079999989;
4.303333333333334;98.47942079999989;98.47942079999989;98.47942079999989;98.47942079999989;98.47942079999989;98.47942079999989;98.47942079999989;98.47942079999989;98.47942079999989;98.47942079999989;98.47942079999989;98.47942079999989;98.47942079999989;19160.0;98.47942079999989;98.47942079999989;98.47942079999989;98.47942079999989;98.47942079999989;98.47942079999989;99.79740879999999;98.47942079999989;
4.385394666666667;98.47942079999989;98.47942079999989;98.47942079999989;98.47942079999989;98.47942079999989;98.47942079999989;98.47942079999989;98.47942079999989;98.47942079999989;98.47942079999989;98.47942079999989;98.47942079999989;98.47942079999989;19160.0;98.47942079999989;98.47942079999989;98.47942079999989;98.47942079999989;98.47942079999989;98.47942079999989;99.79730879999998;98.47942079999989;
4.403333333333333;98.47942079999989;98.47942079999989;98.47942079999989;98.47942079999989;98.47942079999989;98.47942079999989;98.47942079999989;98.47942079999989;98.47942079999989;98.47942079999989;98.47942079999989;98.47942079999989;98.47942079999989;19160.0;98.47942079999989;98.47942079999989;98.47942079999989;98.47942079999989;98.47942079999989;98.47942079999989;99.79730879999998;98.47942079999989;
4.485394666666667;98.47942079999989;98.47942079999989;98.47942079999989;98.47942079999989;98.47942079999989;98.47942079999989;98.47942079999989;98.47942079999989;98.47942079999989;98.47942079999989;98.47942079999989;98.47942079999989;98.47942079999989;19160.0;98.47942079999989;98.47942079999989;98.47942079999989;98.47942079999989;98.47942079999989;98.47942079999989;99.79730879999998;98.47942079999989;
4.503333333333333;98.47942079999989;98.47942079999989;98.47942079999989;98.47942079999989;98.47942079999989;98.47942079999989;98.47942079999989;98.47942079999989;98.47942079999989;98.47942079999989;98.47942079999989;98.47942079999989;98.47942079999989;19160.0;98.47942079999989;98.47942079999989;98.47942079999989;98.47942079999989;98.47942079999989;98.47942079999989;99.79730879999998;98.47942079999989;
4.603333333333333;98.47942079999989;98.47942079999989;98.47942079999989;98.47942079999989;98.47942079999989;98.47942079999989;98.47942079999989;98.47942079999989;98.47942079999989;98.47942079999989;98.47942079999989;98.47942079999989;98.47942079999989;19160.0;98.47942079999989;98.47942079999989;98.47942079999989;98.47942079999989;98.47942079999989;98.47942079999989;99.79730879999998;98.47942079999989;
4.703333333333332;98.47942079999989;98.47942079999989;98.47942079999989;98.47942079999989;98.47942079999989;98.47942079999989;98.47942079999989;98.47942079999989;98.47942079999989;98.47942079999989;98.47942079999989;98.47942079999989;98.47942079999989;19160.0;98.47942079999989;98.47942079999989;98.47942079999989;98.47942079999989;98.47942079999989;98.47942079999989;99.79730879999998;98.47942079999989;
4.803333333333332;98.47942079999989;98.47942079999989;98.47942079999989;98.47942079999989;98.47942079999989;98.47942079999989;98.47942079999989;98.47942079999989;98.47942079999989;98.47942079999989;98.47942079999989;98.47942079999989;98.47942079999989;19160.0;98.47942079999989;98.47942079999989;98.47942079999989;98.47942079999989;98.47942079999989;98.47942079999989;99.79730879999998;98.47942079999989;
4.9033333333333315;98.47942079999989;98.47942079999989;98.47942079999989;98.47942079999989;98.47942079999989;98.47942079999989;98.47942079999989;98.47942079999989;98.47942079999989;98.47942079999989;98.47942079999989;98.47942079999989;98.47942079999989;19160.0;98.47942079999989;98.47942079999989;98.47942079999989;98.47942079999989;98.47942079999989;98.47942079999989;99.79730879999998;98.47942079999989;
5.003333333333331;98.47942079999989;98.47942079999989;98.47942079999989;98.47942079999989;98.47942079999989;98.47942079999989;98.47942079999989;98.47942079999989;98.47942079999989;98.47942079999989;98.47942079999989;98.47942079999989;98.47942079999989;19160.0;98.47942079999989;98.47942079999989;98.47942079999989;98.47942079999989;98.47942079999989;98.47942079999989;99.79730879999998;98.47942079999989;
5.085394666666665;98.47932079999988;98.47932079999988;98.47932079999988;98.47932079999988;98.47932079999988;98.47932079999988;98.47932079999988;98.47932079999988;98.47932079999988;98.47932079999988;98.47932079999988;98.47932079999988;98.47932079999988;19160.0;98.47932079999988;98.47932079999988;98.47932079999988;98.47932079999988;98.47932079999988;98.47932079999988;99.79730879999998;98.47932079999988;
5.103333333333332;98.47932079999988;98.47932079999988;98.47932079999988;98.47932079999988;98.47932079999988;98.47932079999988;98.47932079999988;98.47932079999988;98.47932079999988;98.47932079999988;98.47932079999988;98.47932079999988;98.47932079999988;19160.0;98.47932079999988;98.47932079999988;98.47932079999988;98.47932079999988;98.47932079999988;98.47932079999988;99.79730879999998;98.47932079999988;
5.203333333333331;98.47932079999988;98.47932079999988;98.47932079999988;98.47932079999988;98.47932079999988;98.47932079999988;98.47932079999988;98.47932079999988;98.47932079999988;98.47932079999988;98.47932079999988;98.47932079999988;98.47932079999988;19160.0;98.47932079999988;98.47932079999988;98.47932079999988;98.47932079999988;98.47932079999988;98.47932079999988;99.79730879999998;98.47932079999988;
5.303333333333331;98.47932079999988;98.47932079999988;98.47932079999988;98.47932079999988;98.47932079999988;98.47932079999988;98.47932079999988;98.47932079999988;98.47932079999988;98.47932079999988;98.47932079999988;98.47932079999988;98.47932079999988;19160.0;98.47932079999988;98.47932079999988;98.47932079999988;98.47932079999988;98.47932079999988;98.47932079999988;99.79730879999998;98.47932079999988;
5.403333333333331;98.47932079999988;98.47932079999988;98.47932079999988;98.47932079999988;98.47932079999988;98.47932079999988;98.47932079999988;98.47932079999988;98.47932079999988;98.47932079999988;98.47932079999988;98.47932079999988;98.47932079999988;19160.0;98.47932079999988;98.47932079999988;98.47932079999988;98.47932079999988;98.47932079999988;98.47932079999988;99.79730879999998;98.47932079999988;
5.485394666666664;98.47932079999988;98.47932079999988;98.47932079999988;98.47932079999988;98.47932079999988;98.47932079999988;98.47932079999988;98.47932079999988;98.47932079999988;98.47932079999988;98.47932079999988;98.47932079999988;98.47932079999988;19160.0;98.47932079999988;98.47932079999988;98.47932079999988;98.47932079999988;98.47932079999988;98.47932079999988;99.79720879999998;98.47932079999988;
5.50333333333333;98.47932079999988;98.47932079999988;98.47932079999988;98.47932079999988;98.47932079999988;98.47932079999988;98.47932079999988;98.47932079999988;98.47932079999988;98.47932079999988;98.47932079999988;98.47932079999988;98.47932079999988;19160.0;98.47932079999988;98.47932079999988;98.47932079999988;98.47932079999988;98.47932079999988;98.47932079999988;99.79720879999998;98.47932079999988;
5.585394666666664;98.47932079999988;98.47932079999988;98.47932079999988;98.47932079999988;98.47932079999988;98.47932079999988;98.47932079999988;98.47932079999988;98.47932079999988;98.47932079999988;98.47932079999988;98.47932079999988;98.47932079999988;19160.0;98.47932079999988;98.47932079999988;98.47932079999988;98.47932079999988;98.47932079999988;98.47932079999988;99.79720879999998;98.47932079999988;
5.60333333333333;98.47932079999988;98.47932079999988;98.47932079999988;98.47932079999988;98.47932079999988;98.47932079999988;98.47932079999988;98.47932079999988;98.47932079999988;98.47932079999988;98.47932079999988;98.47932079999988;98.47932079999988;19160.0;98.47932079999988;98.47932079999988;98.47932079999988;98.47932079999988;98.47932079999988;98.47932079999988;99.79720879999998;98.47932079999988;
5.70333333333333;98.47932079999988;98.47932079999988;98.47932079999988;98.47932079999988;98.47932079999988;98.47932079999988;98.47932079999988;98.47932079999988;98.47932079999988;98.47932079999988;98.47932079999988;98.47932079999988;98.47932079999988;19160.0;98.47932079999988;98.47932079999988;98.47932079999988;98.47932079999988;98.47932079999988;98.47932079999988;99.79720879999998;98.47932079999988;
5.803333333333329;98.47932079999988;98.47932079999988;98.47932079999988;98.47932079999988;98.47932079999988;98.47932079999988;98.47932079999988;98.47932079999988;98.47932079999988;98.47932079999988;98.47932079999988;98.47932079999988;98.47932079999988;19160.0;98.47932079999988;98.47932079999988;98.47932079999988;98.47932079999988;98.47932079999988;98.47932079999988;99.79720879999998;98.47932079999988;
5.903333333333329;98.47932079999988;98.47932079999988;98.47932079999988;98.47932079999988;98.47932079999988;98.47932079999988;98.47932079999988;98.47932079999988;98.47932079999988;98.47932079999988;98.47932079999988;98.47932079999988;98.47932079999988;19160.0;98.47932079999988;98.47932079999988;98.47932079999988;98.47932079999988;98.47932079999988;98.47932079999988;99.79720879999998;98.47932079999988;
5.999999999999998;98.47932079999988;98.47932079999988;98.47932079999988;98.47932079999988;98.47932079999988;98.47932079999988;98.47932079999988;98.47932079999988;98.47932079999988;98.47932079999988;98.47932079999988;98.47932079999988;98.47932079999988;19160.0;98.47932079999988;98.47932079999988;98.47932079999988;98.47932079999988;98.47932079999988;98.47932079999988;99.79720879999998;98.47932079999988;
6.0033333333333285;98.47932079999988;98.47932079999988;98.47932079999988;98.47932079999988;98.47932079999988;98.47932079999988;98.47932079999988;98.47932079999988;98.47932079999988;98.47932079999988;98.47932079999988;98.47932079999988;98.47932079999988;19160.0;98.47932079999988;98.47932079999988;98.47932079999988;98.47932079999988;98.47932079999988;98.47932079999988;99.79720879999998;98.47932079999988;
6.085394666666662;98.47922079999988;98.47922079999988;98.47922079999988;98.47922079999988;98.47922079999988;98.47922079999988;98.47922079999988;98.47922079999988;98.47922079999988;98.47922079999988;98.47922079999988;98.47922079999988;98.47922079999988;19160.0;98.47922079999988;98.47922079999988;98.47922079999988;98.47922079999988;98.47922079999988;98.47922079999988;99.79720879999998;98.47922079999988;
6.103333333333329;98.47922079999988;98.47922079999988;98.47922079999988;98.47922079999988;98.47922079999988;98.47922079999988;98.47922079999988;98.47922079999988;98.47922079999988;98.47922079999988;98.47922079999988;98.47922079999988;98.47922079999988;19160.0;98.47922079999988;98.47922079999988;98.47922079999988;98.47922079999988;98.47922079999988;98.47922079999988;99.79720879999998;98.47922079999988;
6.203333333333329;98.47922079999988;98.47922079999988;98.47922079999988;98.47922079999988;98.47922079999988;98.47922079999988;98.47922079999988;98.47922079999988;98.47922079999988;98.47922079999988;98.47922079999988;98.47922079999988;98.47922079999988;19160.0;98.47922079999988;98.47922079999988;98.47922079999988;98.47922079999988;98.47922079999988;98.47922079999988;99.79720879999998;98.47922079999988;
6.303333333333328;98.47922079999988;98.47922079999988;98.47922079999988;98.47922079999988;98.47922079999988;98.47922079999988;98.47922079999988;98.47922079999988;98.47922079999988;98.47922079999988;98.47922079999988;98.47922079999988;98.47922079999988;19160.0;98.47922079999988;98.47922079999988;98.47922079999988;98.47922079999988;98.47922079999988;98.47922079999988;99.79720879999998;98.47922079999988;
6.403333333333328;98.47922079999988;98.47922079999988;98.47922079999988;98.47922079999988;98.47922079999988;98.47922079999988;98.47922079999988;98.47922079999988;98.47922079999988;98.47922079999988;98.47922079999988;98.47922079999988;98.47922079999988;19160.0;98.47922079999988;98.47922079999988;98.47922079999988;98.47922079999988;98.47922079999988;98.47922079999988;99.79720879999998;98.47922079999988;
6.503333333333328;98.47922079999988;98.47922079999988;98.47922079999988;98.47922079999988;98.47922079999988;98.47922079999988;98.47922079999988;98.47922079999988;98.47922079999988;98.47922079999988;98.47922079999988;98.47922079999988;98.47922079999988;19160.0;98.47922079999988;98.47922079999988;98.47922079999988;98.47922079999988;98.47922079999988;98.47922079999988;99.79720879999998;98.47922079999988;
6.585394666666661;98.47922079999988;98.47922079999988;98.47922079999988;98.47922079999988;98.47922079999988;98.47922079999988;98.47922079999988;98.47922079999988;98.47922079999988;98.47922079999988;98.47922079999988;98.47922079999988;98.47922079999988;19160.0;98.47922079999988;98.47922079999988;98.47922079999988;98.47922079999988;98.47922079999988;98.47922079999988;99.79710879999998;98.47922079999988;
6.603333333333327;98.47922079999988;98.47922079999988;98.47922079999988;98.47922079999988;98.47922079999988;98.47922079999988;98.47922079999988;98.47922079999988;98.47922079999988;98.47922079999988;98.47922079999988;98.47922079999988;98.47922079999988;19160.0;98.47922079999988;98.47922079999988;98.47922079999988;98.47922079999988;98.47922079999988;98.47922079999988;99.79710879999998;98.47922079999988;
6.685394666666661;98.47922079999988;98.47922079999988;98.47922079999988;98.47922079999988;98.47922079999988;98.47922079999988;98.47922079999988;98.47922079999988;98.47922079999988;98.47922079999988;98.47922079999988;98.47922079999988;98.47922079999988;19160.0;98.47922079999988;98.47922079999988;98.47922079999988;98.47922079999988;98.47922079999988;98.47922079999988;99.79710879999998;98.47922079999988;
6.703333333333327;98.47922079999988;98.47922079999988;98.47922079999988;98.47922079999988;98.47922079999988;98.47922079999988;98.47922079999988;98.47922079999988;98.47922079999988;98.47922079999988;98.47922079999988;98.47922079999988;98.47922079999988;19160.0;98.47922079999988;98.47922079999988;98.47922079999988;98.47922079999988;98.47922079999988;98.47922079999988;99.79710879999998;98.47922079999988;
6.803333333333327;98.47922079999988;98.47922079999988;98.47922079999988;98.47922079999988;98.47922079999988;98.47922079999988;98.47922079999988;98.47922079999988;98.47922079999988;98.47922079999988;98.47922079999988;98.47922079999988;98.47922079999988;19160.0;98.47922079999988;98.47922079999988;98.47922079999988;98.47922079999988;98.47922079999988;98.47922079999988;99.79710879999998;98.47922079999988;
6.903333333333326;98.47922079999988;98.47922079999988;98.47922079999988;98.47922079999988;98.47922079999988;98.47922079999988;98.47922079999988;98.47922079999988;98.47922079999988;98.47922079999988;98.47922079999988;98.47922079999988;98.47922079999988;19160.0;98.47922079999988;98.47922079999988;98.47922079999988;98.47922079999988;98.47922079999988;98.47922079999988;99.79710879999998;98.47922079999988;
7.003333333333326;98.47922079999988;98.47922079999988;98.47922079999988;98.47922079999988;98.47922079999988;98.47922079999988;98.47922079999988;98.47922079999988;98.47922079999988;98.47922079999988;98.47922079999988;98.47922079999988;98.47922079999988;19160.0;98.47922079999988;98.47922079999988;98.47922079999988;98.47922079999988;98.47922079999988;98.47922079999988;99.79710879999998;98.47922079999988;
7.08539466666666;98.47912079999988;98.47912079999988;98.47912079999988;98.47912079999988;98.47912079999988;98.47912079999988;98.47912079999988;98.47912079999988;98.47912079999988;98.47912079999988;98.47912079999988;98.47912079999988;98.47912079999988;19160.0;98.47912079999988;98.47912079999988;98.47912079999988;98.47912079999988;98.47912079999988;98.47912079999988;99.79710879999998;98.47912079999988;
7.103333333333326;98.47912079999988;98.47912079999988;98.47912079999988;98.47912079999988;98.47912079999988;98.47912079999988;98.47912079999988;98.47912079999988;98.47912079999988;98.47912079999988;98.47912079999988;98.47912079999988;98.47912079999988;19160.0;98.47912079999988;98.47912079999988;98.47912079999988;98.47912079999988;98.47912079999988;98.47912079999988;99.79710879999998;98.47912079999988;
7.203333333333326;98.47912079999988;98.47912079999988;98.47912079999988;98.47912079999988;98.47912079999988;98.47912079999988;98.47912079999988;98.47912079999988;98.47912079999988;98.47912079999988;98.47912079999988;98.47912079999988;98.47912079999988;19160.0;98.47912079999988;98.47912079999988;98.47912079999988;98.47912079999988;98.47912079999988;98.47912079999988;99.79710879999998;98.47912079999988;
7.303333333333326;98.47912079999988;98.47912079999988;98.47912079999988;98.47912079999988;98.47912079999988;98.47912079999988;98.47912079999988;98.47912079999988;98.47912079999988;98.47912079999988;98.47912079999988;98.47912079999988;98.47912079999988;19160.0;98.47912079999988;98.47912079999988;98.47912079999988;98.47912079999988;98.47912079999988;98.47912079999988;99.79710879999998;98.47912079999988;
7.403333333333325;98.47912079999988;98.47912079999988;98.47912079999988;98.47912079999988;98.47912079999988;98.47912079999988;98.47912079999988;98.47912079999988;98.47912079999988;98.47912079999988;98.47912079999988;98.47912079999988;98.47912079999988;19160.0;98.47912079999988;98.47912079999988;98.47912079999988;98.47912079999988;98.47912079999988;98.47912079999988;99.79710879999998;98.47912079999988;
7.503333333333325;98.47912079999988;98.47912079999988;98.47912079999988;98.47912079999988;98.47912079999988;98.47912079999988;98.47912079999988;98.47912079999988;98.47912079999988;98.47912079999988;98.47912079999988;98.47912079999988;98.47912079999988;19160.0;98.47912079999988;98.47912079999988;98.47912079999988;98.47912079999988;98.47912079999988;98.47912079999988;99.79710879999998;98.47912079999988;
7.603333333333325;98.47912079999988;98.47912079999988;98.47912079999988;98.47912079999988;98.47912079999988;98.47912079999988;98.47912079999988;98.47912079999988;98.47912079999988;98.47912079999988;98.47912079999988;98.47912079999988;98.47912079999988;19160.0;98.47912079999988;98.47912079999988;98.47912079999988;98.47912079999988;98.47912079999988;98.47912079999988;99.79710879999998;98.47912079999988;
7.685394666666658;98.47912079999988;98.47912079999988;98.47912079999988;98.47912079999988;98.47912079999988;98.47912079999988;98.47912079999988;98.47912079999988;98.47912079999988;98.47912079999988;98.47912079999988;98.47912079999988;98.47912079999988;19160.0;98.47912079999988;98.47912079999988;98.47912079999988;98.47912079999988;98.47912079999988;98.47912079999988;99.79700879999997;98.47912079999988;
7.703333333333324;98.47912079999988;98.47912079999988;98.47912079999988;98.47912079999988;98.47912079999988;98.47912079999988;98.47912079999988;98.47912079999988;98.47912079999988;98.47912079999988;98.47912079999988;98.47912079999988;98.47912079999988;19160.0;98.47912079999988;98.47912079999988;98.47912079999988;98.47912079999988;98.47912079999988;98.47912079999988;99.79700879999997;98.47912079999988;
7.785394666666658;98.47912079999988;98.47912079999988;98.47912079999988;98.47912079999988;98.47912079999988;98.47912079999988;98.47912079999988;98.47912079999988;98.47912079999988;98.47912079999988;98.47912079999988;98.47912079999988;98.47912079999988;19160.0;98.47912079999988;98.47912079999988;98.47912079999988;98.47912079999988;98.47912079999988;98.47912079999988;99.79700879999997;98.47912079999988;
7.803333333333324;98.47912079999988;98.47912079999988;98.47912079999988;98.47912079999988;98.47912079999988;98.47912079999988;98.47912079999988;98.47912079999988;98.47912079999988;98.47912079999988;98.47912079999988;98.47912079999988;98.47912079999988;19160.0;98.47912079999988;98.47912079999988;98.47912079999988;98.47912079999988;98.47912079999988;98.47912079999988;99.79700879999997;98.47912079999988;
7.9033333333333236;98.47912079999988;98.47912079999988;98.47912079999988;98.47912079999988;98.47912079999988;98.47912079999988;98.47912079999988;98.47912079999988;98.47912079999988;98.47912079999988;98.47912079999988;98.47912079999988;98.47912079999988;19160.0;98.47912079999988;98.47912079999988;98.47912079999988;98.47912079999988;98.47912079999988;98.47912079999988;99.79700879999997;98.47912079999988;
8.003333333333323;98.47912079999988;98.47912079999988;98.47912079999988;98.47912079999988;98.47912079999988;98.47912079999988;98.47912079999988;98.47912079999988;98.47912079999988;98.47912079999988;98.47912079999988;98.47912079999988;98.47912079999988;19160.0;98.47912079999988;98.47912079999988;98.47912079999988;98.47912079999988;98.47912079999988;98.47912079999988;99.79700879999997;98.47912079999988;
8.085394666666657;98.47902079999987;98.47902079999987;98.47902079999987;98.47902079999987;98.47902079999987;98.47902079999987;98.47902079999987;98.47902079999987;98.47902079999987;98.47902079999987;98.47902079999987;98.47902079999987;98.47902079999987;19160.0;98.47902079999987;98.47902079999987;98.47902079999987;98.47902079999987;98.47902079999987;98.47902079999987;99.79700879999997;98.47902079999987;
8.103333333333323;98.47902079999987;98.47902079999987;98.47902079999987;98.47902079999987;98.47902079999987;98.47902079999987;98.47902079999987;98.47902079999987;98.47902079999987;98.47902079999987;98.47902079999987;98.47902079999987;98.47902079999987;19160.0;98.47902079999987;98.47902079999987;98.47902079999987;98.47902079999987;98.47902079999987;98.47902079999987;99.79700879999997;98.47902079999987;
8.203333333333322;98.47902079999987;98.47902079999987;98.47902079999987;98.47902079999987;98.47902079999987;98.47902079999987;98.47902079999987;98.47902079999987;98.47902079999987;98.47902079999987;98.47902079999987;98.47902079999987;98.47902079999987;19160.0;98.47902079999987;98.47902079999987;98.47902079999987;98.47902079999987;98.47902079999987;98.47902079999987;99.79700879999997;98.47902079999987;
8.303333333333322;98.47902079999987;98.47902079999987;98.47902079999987;98.47902079999987;98.47902079999987;98.47902079999987;98.47902079999987;98.47902079999987;98.47902079999987;98.47902079999987;98.47902079999987;98.47902079999987;98.47902079999987;19160.0;98.47902079999987;98.47902079999987;98.47902079999987;98.47902079999987;98.47902079999987;98.47902079999987;99.79700879999997;98.47902079999987;
8.403333333333322;98.47902079999987;98.47902079999987;98.47902079999987;98.47902079999987;98.47902079999987;98.47902079999987;98.47902079999987;98.47902079999987;98.47902079999987;98.47902079999987;98.47902079999987;98.47902079999987;98.47902079999987;19160.0;98.47902079999987;98.47902079999987;98.47902079999987;98.47902079999987;98.47902079999987;98.47902079999987;99.79700879999997;98.47902079999987;
8.503333333333321;98.47902079999987;98.47902079999987;98.47902079999987;98.47902079999987;98.47902079999987;98.47902079999987;98.47902079999987;98.47902079999987;98.47902079999987;98.47902079999987;98.47902079999987;98.47902079999987;98.47902079999987;19160.0;98.47902079999987;98.47902079999987;98.47902079999987;98.47902079999987;98.47902079999987;98.47902079999987;99.79700879999997;98.47902079999987;
8.603333333333321;98.47902079999987;98.47902079999987;98.47902079999987;98.47902079999987;98.47902079999987;98.47902079999987;98.47902079999987;98.47902079999987;98.47902079999987;98.47902079999987;98.47902079999987;98.47902079999987;98.47902079999987;19160.0;98.47902079999987;98.47902079999987;98.47902079999987;98.47902079999987;98.47902079999987;98.47902079999987;99.79700879999997;98.47902079999987;
8.70333333333332;98.47902079999987;98.47902079999987;98.47902079999987;98.47902079999987;98.47902079999987;98.47902079999987;98.47902079999987;98.47902079999987;98.47902079999987;98.47902079999987;98.47902079999987;98.47902079999987;98.47902079999987;19160.0;98.47902079999987;98.47902079999987;98.47902079999987;98.47902079999987;98.47902079999987;98.47902079999987;99.79700879999997;98.47902079999987;
8.785394666666654;98.47902079999987;98.47902079999987;98.47902079999987;98.47902079999987;98.47902079999987;98.47902079999987;98.47902079999987;98.47902079999987;98.47902079999987;98.47902079999987;98.47902079999987;98.47902079999987;98.47902079999987;19160.0;98.47902079999987;98.47902079999987;98.47902079999987;98.47902079999987;98.47902079999987;98.47902079999987;99.79690879999997;98.47902079999987;
8.80333333333332;98.47902079999987;98.47902079999987;98.47902079999987;98.47902079999987;98.47902079999987;98.47902079999987;98.47902079999987;98.47902079999987;98.47902079999987;98.47902079999987;98.47902079999987;98.47902079999987;98.47902079999987;19160.0;98.47902079999987;98.47902079999987;98.47902079999987;98.47902079999987;98.47902079999987;98.47902079999987;99.79690879999997;98.47902079999987;
8.885394666666654;98.47902079999987;98.47902079999987;98.47902079999987;98.47902079999987;98.47902079999987;98.47902079999987;98.47902079999987;98.47902079999987;98.47902079999987;98.47902079999987;98.47902079999987;98.47902079999987;98.47902079999987;19160.0;98.47902079999987;98.47902079999987;98.47902079999987;98.47902079999987;98.47902079999987;98.47902079999987;99.79690879999997;98.47902079999987;
8.90333333333332;98.47902079999987;98.47902079999987;98.47902079999987;98.47902079999987;98.47902079999987;98.47902079999987;98.47902079999987;98.47902079999987;98.47902079999987;98.47902079999987;98.47902079999987;98.47902079999987;98.47902079999987;19160.0;98.47902079999987;98.47902079999987;98.47902079999987;98.47902079999987;98.47902079999987;98.47902079999987;99.79690879999997;98.47902079999987;
9.00333333333332;98.47902079999987;98.47902079999987;98.47902079999987;98.47902079999987;98.47902079999987;98.47902079999987;98.47902079999987;98.47902079999987;98.47902079999987;98.47902079999987;98.47902079999987;98.47902079999987;98.47902079999987;19160.0;98.47902079999987;98.47902079999987;98.47902079999987;98.47902079999987;98.47902079999987;98.47902079999987;99.79690879999997;98.47902079999987;
9.085394666666653;98.47892079999987;98.47892079999987;98.47892079999987;98.47892079999987;98.47892079999987;98.47892079999987;98.47892079999987;98.47892079999987;98.47892079999987;98.47892079999987;98.47892079999987;98.47892079999987;98.47892079999987;19160.0;98.47892079999987;98.47892079999987;98.47892079999987;98.47892079999987;98.47892079999987;98.47892079999987;99.79690879999997;98.47892079999987;
9.10333333333332;98.47892079999987;98.47892079999987;98.47892079999987;98.47892079999987;98.47892079999987;98.47892079999987;98.47892079999987;98.47892079999987;98.47892079999987;98.47892079999987;98.47892079999987;98.47892079999987;98.47892079999987;19160.0;98.47892079999987;98.47892079999987;98.47892079999987;98.47892079999987;98.47892079999987;98.47892079999987;99.79690879999997;98.47892079999987;
9.203333333333319;98.47892079999987;98.47892079999987;98.47892079999987;98.47892079999987;98.47892079999987;98.47892079999987;98.47892079999987;98.47892079999987;98.47892079999987;98.47892079999987;98.47892079999987;98.47892079999987;98.47892079999987;19160.0;98.47892079999987;98.47892079999987;98.47892079999987;98.47892079999987;98.47892079999987;98.47892079999987;99.79690879999997;98.47892079999987;
9.303333333333319;98.47892079999987;98.47892079999987;98.47892079999987;98.47892079999987;98.47892079999987;98.47892079999987;98.47892079999987;98.47892079999987;98.47892079999987;98.47892079999987;98.47892079999987;98.47892079999987;98.47892079999987;19160.0;98.47892079999987;98.47892079999987;98.47892079999987;98.47892079999987;98.47892079999987;98.47892079999987;99.79690879999997;98.47892079999987;
9.403333333333318;98.47892079999987;98.47892079999987;98.47892079999987;98.47892079999987;98.47892079999987;98.47892079999987;98.47892079999987;98.47892079999987;98.47892079999987;98.47892079999987;98.47892079999987;98.47892079999987;98.47892079999987;19160.0;98.47892079999987;98.47892079999987;98.47892079999987;98.47892079999987;98.47892079999987;98.47892079999987;99.79690879999997;98.47892079999987;
9.503333333333318;98.47892079999987;98.47892079999987;98.47892079999987;98.47892079999987;98.47892079999987;98.47892079999987;98.47892079999987;98.47892079999987;98.47892079999987;98.47892079999987;98.47892079999987;98.47892079999987;98.47892079999987;19160.0;98.47892079999987;98.47892079999987;98.47892079999987;98.47892079999987;98.47892079999987;98.47892079999987;99.79690879999997;98.47892079999987;
9.603333333333318;98.47892079999987;98.47892079999987;98.47892079999987;98.47892079999987;98.47892079999987;98.47892079999987;98.47892079999987;98.47892079999987;98.47892079999987;98.47892079999987;98.47892079999987;98.47892079999987;98.47892079999987;19160.0;98.47892079999987;98.47892079999987;98.47892079999987;98.47892079999987;98.47892079999987;98.47892079999987;99.79690879999997;98.47892079999987;
9.703333333333317;98.47892079999987;98.47892079999987;98.47892079999987;98.47892079999987;98.47892079999987;98.47892079999987;98.47892079999987;98.47892079999987;98.47892079999987;98.47892079999987;98.47892079999987;98.47892079999987;98.47892079999987;19160.0;98.47892079999987;98.47892079999987;98.47892079999987;98.47892079999987;98.47892079999987;98.47892079999987;99.79690879999997;98.47892079999987;
9.803333333333317;98.47892079999987;98.47892079999987;98.47892079999987;98.47892079999987;98.47892079999987;98.47892079999987;98.47892079999987;98.47892079999987;98.47892079999987;98.47892079999987;98.47892079999987;98.47892079999987;98.47892079999987;19160.0;98.47892079999987;98.47892079999987;98.47892079999987;98.47892079999987;98.47892079999987;98.47892079999987;99.79690879999997;98.47892079999987;
9.88539466666665;98.47892079999987;98.47892079999987;98.47892079999987;98.47892079999987;98.47892079999987;98.47892079999987;98.47892079999987;98.47892079999987;98.47892079999987;98.47892079999987;98.47892079999987;98.47892079999987;98.47892079999987;19160.0;98.47892079999987;98.47892079999987;98.47892079999987;98.47892079999987;98.47892079999987;98.47892079999987;99.79680879999997;98.47892079999987;
9.903333333333316;98.47892079999987;98.47892079999987;98.47892079999987;98.47892079999987;98.47892079999987;98.47892079999987;98.47892079999987;98.47892079999987;98.47892079999987;98.47892079999987;98.47892079999987;98.47892079999987;98.47892079999987;19160.0;98.47892079999987;98.47892079999987;98.47892079999987;98.47892079999987;98.47892079999987;98.47892079999987;99.79680879999997;98.47892079999987;
9.98539466666665;98.47892079999987;98.47892079999987;98.47892079999987;98.47892079999987;98.47892079999987;98.47892079999987;98.47892079999987;98.47892079999987;98.47892079999987;98.47892079999987;98.47892079999987;98.47892079999987;98.47892079999987;19160.0;98.47892079999987;98.47892079999987;98.47892079999987;98.47892079999987;98.47892079999987;98.47892079999987;99.79680879999997;98.47892079999987;
10.003333333333316;98.47892079999987;98.47892079999987;98.47892079999987;98.47892079999987;98.47892079999987;98.47892079999987;98.47892079999987;98.47892079999987;98.47892079999987;98.47892079999987;98.47892079999987;98.47892079999987;98.47892079999987;19160.0;98.47892079999987;98.47892079999987;98.47892079999987;98.47892079999987;98.47892079999987;98.47892079999987;99.79680879999997;98.47892079999987;
10.08539466666665;98.47882079999987;98.47882079999987;98.47882079999987;98.47882079999987;98.47882079999987;98.47882079999987;98.47882079999987;98.47882079999987;98.47882079999987;98.47882079999987;98.47882079999987;98.47882079999987;98.47882079999987;19160.0;98.47882079999987;98.47882079999987;98.47882079999987;98.47882079999987;98.47882079999987;98.47882079999987;99.79680879999997;98.47882079999987;
10.103333333333316;98.47882079999987;98.47882079999987;98.47882079999987;98.47882079999987;98.47882079999987;98.47882079999987;98.47882079999987;98.47882079999987;98.47882079999987;98.47882079999987;98.47882079999987;98.47882079999987;98.47882079999987;19160.0;98.47882079999987;98.47882079999987;98.47882079999987;98.47882079999987;98.47882079999987;98.47882079999987;99.79680879999997;98.47882079999987;
10.203333333333315;98.47882079999987;98.47882079999987;98.47882079999987;98.47882079999987;98.47882079999987;98.47882079999987;98.47882079999987;98.47882079999987;98.47882079999987;98.47882079999987;98.47882079999987;98.47882079999987;98.47882079999987;19160.0;98.47882079999987;98.47882079999987;98.47882079999987;98.47882079999987;98.47882079999987;98.47882079999987;99.79680879999997;98.47882079999987;
10.303333333333315;98.47882079999987;98.47882079999987;98.47882079999987;98.47882079999987;98.47882079999987;98.47882079999987;98.47882079999987;98.47882079999987;98.47882079999987;98.47882079999987;98.47882079999987;98.47882079999987;98.47882079999987;19160.0;98.47882079999987;98.47882079999987;98.47882079999987;98.47882079999987;98.47882079999987;98.47882079999987;99.79680879999997;98.47882079999987;
10.403333333333315;98.47882079999987;98.47882079999987;98.47882079999987;98.47882079999987;98.47882079999987;98.47882079999987;98.47882079999987;98.47882079999987;98.47882079999987;98.47882079999987;98.47882079999987;98.47882079999987;98.47882079999987;19160.0;98.47882079999987;98.47882079999987;98.47882079999987;98.47882079999987;98.47882079999987;98.47882079999987;99.79680879999997;98.47882079999987;
10.503333333333314;98.47882079999987;98.47882079999987;98.47882079999987;98.47882079999987;98.47882079999987;98.47882079999987;98.47882079999987;98.47882079999987;98.47882079999987;98.47882079999987;98.47882079999987;98.47882079999987;98.47882079999987;19160.0;98.47882079999987;98.47882079999987;98.47882079999987;98.47882079999987;98.47882079999987;98.47882079999987;99.79680879999997;98.47882079999987;
10.603333333333314;98.47882079999987;98.47882079999987;98.47882079999987;98.47882079999987;98.47882079999987;98.47882079999987;98.47882079999987;98.47882079999987;98.47882079999987;98.47882079999987;98.47882079999987;98.47882079999987;98.47882079999987;19160.0;98.47882079999987;98.47882079999987;98.47882079999987;98.47882079999987;98.47882079999987;98.47882079999987;99.79680879999997;98.47882079999987;
10.703333333333314;98.47882079999987;98.47882079999987;98.47882079999987;98.47882079999987;98.47882079999987;98.47882079999987;98.47882079999987;98.47882079999987;98.47882079999987;98.47882079999987;98.47882079999987;98.47882079999987;98.47882079999987;19160.0;98.47882079999987;98.47882079999987;98.47882079999987;98.47882079999987;98.47882079999987;98.47882079999987;99.79680879999997;98.47882079999987;
10.803333333333313;98.47882079999987;98.47882079999987;98.47882079999987;98.47882079999987;98.47882079999987;98.47882079999987;98.47882079999987;98.47882079999987;98.47882079999987;98.47882079999987;98.47882079999987;98.47882079999987;98.47882079999987;19160.0;98.47882079999987;98.47882079999987;98.47882079999987;98.47882079999987;98.47882079999987;98.47882079999987;99.79680879999997;98.47882079999987;
10.903333333333313;98.47882079999987;98.47882079999987;98.47882079999987;98.47882079999987;98.47882079999987;98.47882079999987;98.47882079999987;98.47882079999987;98.47882079999987;98.47882079999987;98.47882079999987;98.47882079999987;98.47882079999987;19160.0;98.47882079999987;98.47882079999987;98.47882079999987;98.47882079999987;98.47882079999987;98.47882079999987;99.79680879999997;98.47882079999987;
10.985394666666647;98.47882079999987;98.47882079999987;98.47882079999987;98.47882079999987;98.47882079999987;98.47882079999987;98.47882079999987;98.47882079999987;98.47882079999987;98.47882079999987;98.47882079999987;98.47882079999987;98.47882079999987;19160.0;98.47882079999987;98.47882079999987;98.47882079999987;98.47882079999987;98.47882079999987;98.47882079999987;99.79670879999996;98.47882079999987;
11.003333333333313;98.47882079999987;98.47882079999987;98.47882079999987;98.47882079999987;98.47882079999987;98.47882079999987;98.47882079999987;98.47882079999987;98.47882079999987;98.47882079999987;98.47882079999987;98.47882079999987;98.47882079999987;19160.0;98.47882079999987;98.47882079999987;98.47882079999987;98.47882079999987;98.47882079999987;98.47882079999987;99.79670879999996;98.47882079999987;
11.085394666666646;98.47882079999987;98.47882079999987;98.47882079999987;98.47882079999987;98.47882079999987;98.47882079999987;98.47882079999987;98.47882079999987;98.47882079999987;98.47882079999987;98.47882079999987;98.47882079999987;98.47882079999987;19160.0;98.47882079999987;98.47882079999987;98.47882079999987;98.47882079999987;98.47882079999987;98.47882079999987;99.79670879999996;98.47882079999987;
11.085394666666646;98.47872079999986;98.47872079999986;98.47872079999986;98.47872079999986;98.47872079999986;98.47872079999986;98.47872079999986;98.47872079999986;98.47872079999986;98.47872079999986;98.47872079999986;98.47872079999986;98.47872079999986;19160.0;98.47872079999986;98.47872079999986;98.47872079999986;98.47872079999986;98.47872079999986;98.47872079999986;99.79670879999996;98.47872079999986;
11.103333333333312;98.47872079999986;98.47872079999986;98.47872079999986;98.47872079999986;98.47872079999986;98.47872079999986;98.47872079999986;98.47872079999986;98.47872079999986;98.47872079999986;98.47872079999986;98.47872079999986;98.47872079999986;19160.0;98.47872079999986;98.47872079999986;98.47872079999986;98.47872079999986;98.47872079999986;98.47872079999986;99.79670879999996;98.47872079999986;
11.203333333333312;98.47872079999986;98.47872079999986;98.47872079999986;98.47872079999986;98.47872079999986;98.47872079999986;98.47872079999986;98.47872079999986;98.47872079999986;98.47872079999986;98.47872079999986;98.47872079999986;98.47872079999986;19160.0;98.47872079999986;98.47872079999986;98.47872079999986;98.47872079999986;98.47872079999986;98.47872079999986;99.79670879999996;98.47872079999986;
11.303333333333311;98.47872079999986;98.47872079999986;98.47872079999986;98.47872079999986;98.47872079999986;98.47872079999986;98.47872079999986;98.47872079999986;98.47872079999986;98.47872079999986;98.47872079999986;98.47872079999986;98.47872079999986;19160.0;98.47872079999986;98.47872079999986;98.47872079999986;98.47872079999986;98.47872079999986;98.47872079999986;99.79670879999996;98.47872079999986;
11.403333333333311;98.47872079999986;98.47872079999986;98.47872079999986;98.47872079999986;98.47872079999986;98.47872079999986;98.47872079999986;98.47872079999986;98.47872079999986;98.47872079999986;98.47872079999986;98.47872079999986;98.47872079999986;19160.0;98.47872079999986;98.47872079999986;98.47872079999986;98.47872079999986;98.47872079999986;98.47872079999986;99.79670879999996;98.47872079999986;
11.50333333333331;98.47872079999986;98.47872079999986;98.47872079999986;98.47872079999986;98.47872079999986;98.47872079999986;98.47872079999986;98.47872079999986;98.47872079999986;98.47872079999986;98.47872079999986;98.47872079999986;98.47872079999986;19160.0;98.47872079999986;98.47872079999986;98.47872079999986;98.47872079999986;98.47872079999986;98.47872079999986;99.79670879999996;98.47872079999986;
11.60333333333331;98.47872079999986;98.47872079999986;98.47872079999986;98.47872079999986;98.47872079999986;98.47872079999986;98.47872079999986;98.47872079999986;98.47872079999986;98.47872079999986;98.47872079999986;98.47872079999986;98.47872079999986;19160.0;98.47872079999986;98.47872079999986;98.47872079999986;98.47872079999986;98.47872079999986;98.47872079999986;99.79670879999996;98.47872079999986;
11.70333333333331;98.47872079999986;98.47872079999986;98.47872079999986;98.47872079999986;98.47872079999986;98.47872079999986;98.47872079999986;98.47872079999986;98.47872079999986;98.47872079999986;98.47872079999986;98.47872079999986;98.47872079999986;19160.0;98.47872079999986;98.47872079999986;98.47872079999986;98.47872079999986;98.47872079999986;98.47872079999986;99.79670879999996;98.47872079999986;
11.80333333333331;98.47872079999986;98.47872079999986;98.47872079999986;98.47872079999986;98.47872079999986;98.47872079999986;98.47872079999986;98.47872079999986;98.47872079999986;98.47872079999986;98.47872079999986;98.47872079999986;98.47872079999986;19160.0;98.47872079999986;98.47872079999986;98.47872079999986;98.47872079999986;98.47872079999986;98.47872079999986;99.79670879999996;98.47872079999986;
11.90333333333331;98.47872079999986;98.47872079999986;98.47872079999986;98.47872079999986;98.47872079999986;98.47872079999986;98.47872079999986;98.47872079999986;98.47872079999986;98.47872079999986;98.47872079999986;98.47872079999986;98.47872079999986;19160.0;98.47872079999986;98.47872079999986;98.47872079999986;98.47872079999986;98.47872079999986;98.47872079999986;99.79670879999996;98.47872079999986;
11.999999999999982;98.47872079999986;98.47872079999986;98.47872079999986;98.47872079999986;98.47872079999986;98.47872079999986;98.47872079999986;98.47872079999986;98.47872079999986;98.47872079999986;98.47872079999986;98.47872079999986;98.47872079999986;19160.0;98.47872079999986;98.47872079999986;98.47872079999986;98.47872079999986;98.47872079999986;98.47872079999986;99.79670879999996;98.47872079999986;
12.003333333333309;98.47872079999986;98.47872079999986;98.47872079999986;98.47872079999986;98.47872079999986;98.47872079999986;98.47872079999986;98.47872079999986;98.47872079999986;98.47872079999986;98.47872079999986;98.47872079999986;98.47872079999986;19160.0;98.47872079999986;98.47872079999986;98.47872079999986;98.47872079999986;98.47872079999986;98.47872079999986;99.79670879999996;98.47872079999986;
12.085394666666643;98.47872079999986;98.47872079999986;98.47872079999986;98.47872079999986;98.47872079999986;98.47872079999986;98.47872079999986;98.47872079999986;98.47872079999986;98.47872079999986;98.47872079999986;98.47872079999986;98.47872079999986;19160.0;98.47872079999986;98.47872079999986;98.47872079999986;98.47872079999986;98.47872079999986;98.47872079999986;99.79660879999996;98.47872079999986;
12.085394666666643;98.47862079999986;98.47862079999986;98.47862079999986;98.47862079999986;98.47862079999986;98.47862079999986;98.47862079999986;98.47862079999986;98.47862079999986;98.47862079999986;98.47862079999986;98.47862079999986;98.47862079999986;19160.0;98.47862079999986;98.47862079999986;98.47862079999986;98.47862079999986;98.47862079999986;98.47862079999986;99.79660879999996;98.47862079999986;
12.103333333333309;98.47862079999986;98.47862079999986;98.47862079999986;98.47862079999986;98.47862079999986;98.47862079999986;98.47862079999986;98.47862079999986;98.47862079999986;98.47862079999986;98.47862079999986;98.47862079999986;98.47862079999986;19160.0;98.47862079999986;98.47862079999986;98.47862079999986;98.47862079999986;98.47862079999986;98.47862079999986;99.79660879999996;98.47862079999986;
12.185394666666642;98.47862079999986;98.47862079999986;98.47862079999986;98.47862079999986;98.47862079999986;98.47862079999986;98.47862079999986;98.47862079999986;98.47862079999986;98.47862079999986;98.47862079999986;98.47862079999986;98.47862079999986;19160.0;98.47862079999986;98.47862079999986;98.47862079999986;98.47862079999986;98.47862079999986;98.47862079999986;99.79660879999996;98.47862079999986;
12.203333333333308;98.47862079999986;98.47862079999986;98.47862079999986;98.47862079999986;98.47862079999986;98.47862079999986;98.47862079999986;98.47862079999986;98.47862079999986;98.47862079999986;98.47862079999986;98.47862079999986;98.47862079999986;19160.0;98.47862079999986;98.47862079999986;98.47862079999986;98.47862079999986;98.47862079999986;98.47862079999986;99.79660879999996;98.47862079999986;
12.303333333333308;98.47862079999986;98.47862079999986;98.47862079999986;98.47862079999986;98.47862079999986;98.47862079999986;98.47862079999986;98.47862079999986;98.47862079999986;98.47862079999986;98.47862079999986;98.47862079999986;98.47862079999986;19160.0;98.47862079999986;98.47862079999986;98.47862079999986;98.47862079999986;98.47862079999986;98.47862079999986;99.79660879999996;98.47862079999986;
12.403333333333308;98.47862079999986;98.47862079999986;98.47862079999986;98.47862079999986;98.47862079999986;98.47862079999986;98.47862079999986;98.47862079999986;98.47862079999986;98.47862079999986;98.47862079999986;98.47862079999986;98.47862079999986;19160.0;98.47862079999986;98.47862079999986;98.47862079999986;98.47862079999986;98.47862079999986;98.47862079999986;99.79660879999996;98.47862079999986;
12.503333333333307;98.47862079999986;98.47862079999986;98.47862079999986;98.47862079999986;98.47862079999986;98.47862079999986;98.47862079999986;98.47862079999986;98.47862079999986;98.47862079999986;98.47862079999986;98.47862079999986;98.47862079999986;19160.0;98.47862079999986;98.47862079999986;98.47862079999986;98.47862079999986;98.47862079999986;98.47862079999986;99.79660879999996;98.47862079999986;
12.603333333333307;98.47862079999986;98.47862079999986;98.47862079999986;98.47862079999986;98.47862079999986;98.47862079999986;98.47862079999986;98.47862079999986;98.47862079999986;98.47862079999986;98.47862079999986;98.47862079999986;98.47862079999986;19160.0;98.47862079999986;98.47862079999986;98.47862079999986;98.47862079999986;98.47862079999986;98.47862079999986;99.79660879999996;98.47862079999986;
12.703333333333306;98.47862079999986;98.47862079999986;98.47862079999986;98.47862079999986;98.47862079999986;98.47862079999986;98.47862079999986;98.47862079999986;98.47862079999986;98.47862079999986;98.47862079999986;98.47862079999986;98.47862079999986;19160.0;98.47862079999986;98.47862079999986;98.47862079999986;98.47862079999986;98.47862079999986;98.47862079999986;99.79660879999996;98.47862079999986;
12.803333333333306;98.47862079999986;98.47862079999986;98.47862079999986;98.47862079999986;98.47862079999986;98.47862079999986;98.47862079999986;98.47862079999986;98.47862079999986;98.47862079999986;98.47862079999986;98.47862079999986;98.47862079999986;19160.0;98.47862079999986;98.47862079999986;98.47862079999986;98.47862079999986;98.47862079999986;98.47862079999986;99.79660879999996;98.47862079999986;
12.903333333333306;98.47862079999986;98.47862079999986;98.47862079999986;98.47862079999986;98.47862079999986;98.47862079999986;98.47862079999986;98.47862079999986;98.47862079999986;98.47862079999986;98.47862079999986;98.47862079999986;98.47862079999986;19160.0;98.47862079999986;98.47862079999986;98.47862079999986;98.47862079999986;98.47862079999986;98.47862079999986;99.79660879999996;98.47862079999986;
13.003333333333305;98.47862079999986;98.47862079999986;98.47862079999986;98.47862079999986;98.47862079999986;98.47862079999986;98.47862079999986;98.47862079999986;98.47862079999986;98.47862079999986;98.47862079999986;98.47862079999986;98.47862079999986;19160.0;98.47862079999986;98.47862079999986;98.47862079999986;98.47862079999986;98.47862079999986;98.47862079999986;99.79660879999996;98.47862079999986;
13.08539466666664;98.47852079999986;98.47852079999986;98.47852079999986;98.47852079999986;98.47852079999986;98.47852079999986;98.47852079999986;98.47852079999986;98.47852079999986;98.47852079999986;98.47852079999986;98.47852079999986;98.47852079999986;19160.0;98.47852079999986;98.47852079999986;98.47852079999986;98.47852079999986;98.47852079999986;98.47852079999986;99.79660879999996;98.47852079999986;
13.103333333333305;98.47852079999986;98.47852079999986;98.47852079999986;98.47852079999986;98.47852079999986;98.47852079999986;98.47852079999986;98.47852079999986;98.47852079999986;98.47852079999986;98.47852079999986;98.47852079999986;98.47852079999986;19160.0;98.47852079999986;98.47852079999986;98.47852079999986;98.47852079999986;98.47852079999986;98.47852079999986;99.79660879999996;98.47852079999986;
13.185394666666639;98.47852079999986;98.47852079999986;98.47852079999986;98.47852079999986;98.47852079999986;98.47852079999986;98.47852079999986;98.47852079999986;98.47852079999986;98.47852079999986;98.47852079999986;98.47852079999986;98.47852079999986;19160.0;98.47852079999986;98.47852079999986;98.47852079999986;98.47852079999986;98.47852079999986;98.47852079999986;99.79650879999996;98.47852079999986;
13.203333333333305;98.47852079999986;98.47852079999986;98.47852079999986;98.47852079999986;98.47852079999986;98.47852079999986;98.47852079999986;98.47852079999986;98.47852079999986;98.47852079999986;98.47852079999986;98.47852079999986;98.47852079999986;19160.0;98.47852079999986;98.47852079999986;98.47852079999986;98.47852079999986;98.47852079999986;98.47852079999986;99.79650879999996;98.47852079999986;
13.285394666666638;98.47852079999986;98.47852079999986;98.47852079999986;98.47852079999986;98.47852079999986;98.47852079999986;98.47852079999986;98.47852079999986;98.47852079999986;98.47852079999986;98.47852079999986;98.47852079999986;98.47852079999986;19160.0;98.47852079999986;98.47852079999986;98.47852079999986;98.47852079999986;98.47852079999986;98.47852079999986;99.79650879999996;98.47852079999986;
13.303333333333304;98.47852079999986;98.47852079999986;98.47852079999986;98.47852079999986;98.47852079999986;98.47852079999986;98.47852079999986;98.47852079999986;98.47852079999986;98.47852079999986;98.47852079999986;98.47852079999986;98.47852079999986;19160.0;98.47852079999986;98.47852079999986;98.47852079999986;98.47852079999986;98.47852079999986;98.47852079999986;99.79650879999996;98.47852079999986;
13.403333333333304;98.47852079999986;98.47852079999986;98.47852079999986;98.47852079999986;98.47852079999986;98.47852079999986;98.47852079999986;98.47852079999986;98.47852079999986;98.47852079999986;98.47852079999986;98.47852079999986;98.47852079999986;19160.0;98.47852079999986;98.47852079999986;98.47852079999986;98.47852079999986;98.47852079999986;98.47852079999986;99.79650879999996;98.47852079999986;
13.503333333333304;98.47852079999986;98.47852079999986;98.47852079999986;98.47852079999986;98.47852079999986;98.47852079999986;98.47852079999986;98.47852079999986;98.47852079999986;98.47852079999986;98.47852079999986;98.47852079999986;98.47852079999986;19160.0;98.47852079999986;98.47852079999986;98.47852079999986;98.47852079999986;98.47852079999986;98.47852079999986;99.79650879999996;98.47852079999986;
13.603333333333303;98.47852079999986;98.47852079999986;98.47852079999986;98.47852079999986;98.47852079999986;98.47852079999986;98.47852079999986;98.47852079999986;98.47852079999986;98.47852079999986;98.47852079999986;98.47852079999986;98.47852079999986;19160.0;98.47852079999986;98.47852079999986;98.47852079999986;98.47852079999986;98.47852079999986;98.47852079999986;99.79650879999996;98.47852079999986;
13.703333333333303;98.47852079999986;98.47852079999986;98.47852079999986;98.47852079999986;98.47852079999986;98.47852079999986;98.47852079999986;98.47852079999986;98.47852079999986;98.47852079999986;98.47852079999986;98.47852079999986;98.47852079999986;19160.0;98.47852079999986;98.47852079999986;98.47852079999986;98.47852079999986;98.47852079999986;98.47852079999986;99.79650879999996;98.47852079999986;
13.803333333333303;98.47852079999986;98.47852079999986;98.47852079999986;98.47852079999986;98.47852079999986;98.47852079999986;98.47852079999986;98.47852079999986;98.47852079999986;98.47852079999986;98.47852079999986;98.47852079999986;98.47852079999986;19160.0;98.47852079999986;98.47852079999986;98.47852079999986;98.47852079999986;98.47852079999986;98.47852079999986;99.79650879999996;98.47852079999986;
13.903333333333302;98.47852079999986;98.47852079999986;98.47852079999986;98.47852079999986;98.47852079999986;98.47852079999986;98.47852079999986;98.47852079999986;98.47852079999986;98.47852079999986;98.47852079999986;98.47852079999986;98.47852079999986;19160.0;98.47852079999986;98.47852079999986;98.47852079999986;98.47852079999986;98.47852079999986;98.47852079999986;99.79650879999996;98.47852079999986;
14.003333333333302;98.47852079999986;98.47852079999986;98.47852079999986;98.47852079999986;98.47852079999986;98.47852079999986;98.47852079999986;98.47852079999986;98.47852079999986;98.47852079999986;98.47852079999986;98.47852079999986;98.47852079999986;19160.0;98.47852079999986;98.47852079999986;98.47852079999986;98.47852079999986;98.47852079999986;98.47852079999986;99.79650879999996;98.47852079999986;
14.085394666666636;98.47842079999985;98.47842079999985;98.47842079999985;98.47842079999985;98.47842079999985;98.47842079999985;98.47842079999985;98.47842079999985;98.47842079999985;98.47842079999985;98.47842079999985;98.47842079999985;98.47842079999985;19160.0;98.47842079999985;98.47842079999985;98.47842079999985;98.47842079999985;98.47842079999985;98.47842079999985;99.79650879999996;98.47842079999985;
14.103333333333302;98.47842079999985;98.47842079999985;98.47842079999985;98.47842079999985;98.47842079999985;98.47842079999985;98.47842079999985;98.47842079999985;98.47842079999985;98.47842079999985;98.47842079999985;98.47842079999985;98.47842079999985;19160.0;98.47842079999985;98.47842079999985;98.47842079999985;98.47842079999985;98.47842079999985;98.47842079999985;99.79650879999996;98.47842079999985;
14.203333333333301;98.47842079999985;98.47842079999985;98.47842079999985;98.47842079999985;98.47842079999985;98.47842079999985;98.47842079999985;98.47842079999985;98.47842079999985;98.47842079999985;98.47842079999985;98.47842079999985;98.47842079999985;19160.0;98.47842079999985;98.47842079999985;98.47842079999985;98.47842079999985;98.47842079999985;98.47842079999985;99.79650879999996;98.47842079999985;
14.285394666666635;98.47842079999985;98.47842079999985;98.47842079999985;98.47842079999985;98.47842079999985;98.47842079999985;98.47842079999985;98.47842079999985;98.47842079999985;98.47842079999985;98.47842079999985;98.47842079999985;98.47842079999985;19160.0;98.47842079999985;98.47842079999985;98.47842079999985;98.47842079999985;98.47842079999985;98.47842079999985;99.79640879999995;98.47842079999985;
14.3033333333333;98.47842079999985;98.47842079999985;98.47842079999985;98.47842079999985;98.47842079999985;98.47842079999985;98.47842079999985;98.47842079999985;98.47842079999985;98.47842079999985;98.47842079999985;98.47842079999985;98.47842079999985;19160.0;98.47842079999985;98.47842079999985;98.47842079999985;98.47842079999985;98.47842079999985;98.47842079999985;99.79640879999995;98.47842079999985;
14.385394666666635;98.47842079999985;98.47842079999985;98.47842079999985;98.47842079999985;98.47842079999985;98.47842079999985;98.47842079999985;98.47842079999985;98.47842079999985;98.47842079999985;98.47842079999985;98.47842079999985;98.47842079999985;19160.0;98.47842079999985;98.47842079999985;98.47842079999985;98.47842079999985;98.47842079999985;98.47842079999985;99.79640879999995;98.47842079999985;
14.4033333333333;98.47842079999985;98.47842079999985;98.47842079999985;98.47842079999985;98.47842079999985;98.47842079999985;98.47842079999985;98.47842079999985;98.47842079999985;98.47842079999985;98.47842079999985;98.47842079999985;98.47842079999985;19160.0;98.47842079999985;98.47842079999985;98.47842079999985;98.47842079999985;98.47842079999985;98.47842079999985;99.79640879999995;98.47842079999985;
14.5033333333333;98.47842079999985;98.47842079999985;98.47842079999985;98.47842079999985;98.47842079999985;98.47842079999985;98.47842079999985;98.47842079999985;98.47842079999985;98.47842079999985;98.47842079999985;98.47842079999985;98.47842079999985;19160.0;98.47842079999985;98.47842079999985;98.47842079999985;98.47842079999985;98.47842079999985;98.47842079999985;99.79640879999995;98.47842079999985;
14.6033333333333;98.47842079999985;98.47842079999985;98.47842079999985;98.47842079999985;98.47842079999985;98.47842079999985;98.47842079999985;98.47842079999985;98.47842079999985;98.47842079999985;98.47842079999985;98.47842079999985;98.47842079999985;19160.0;98.47842079999985;98.47842079999985;98.47842079999985;98.47842079999985;98.47842079999985;98.47842079999985;99.79640879999995;98.47842079999985;
14.7033333333333;98.47842079999985;98.47842079999985;98.47842079999985;98.47842079999985;98.47842079999985;98.47842079999985;98.47842079999985;98.47842079999985;98.47842079999985;98.47842079999985;98.47842079999985;98.47842079999985;98.47842079999985;19160.0;98.47842079999985;98.47842079999985;98.47842079999985;98.47842079999985;98.47842079999985;98.47842079999985;99.79640879999995;98.47842079999985;
14.803333333333299;98.47842079999985;98.47842079999985;98.47842079999985;98.47842079999985;98.47842079999985;98.47842079999985;98.47842079999985;98.47842079999985;98.47842079999985;98.47842079999985;98.47842079999985;98.47842079999985;98.47842079999985;19160.0;98.47842079999985;98.47842079999985;98.47842079999985;98.47842079999985;98.47842079999985;98.47842079999985;99.79640879999995;98.47842079999985;
14.903333333333299;98.47842079999985;98.47842079999985;98.47842079999985;98.47842079999985;98.47842079999985;98.47842079999985;98.47842079999985;98.47842079999985;98.47842079999985;98.47842079999985;98.47842079999985;98.47842079999985;98.47842079999985;19160.0;98.47842079999985;98.47842079999985;98.47842079999985;98.47842079999985;98.47842079999985;98.47842079999985;99.79640879999995;98.47842079999985;
15.003333333333298;98.47842079999985;98.47842079999985;98.47842079999985;98.47842079999985;98.47842079999985;98.47842079999985;98.47842079999985;98.47842079999985;98.47842079999985;98.47842079999985;98.47842079999985;98.47842079999985;98.47842079999985;19160.0;98.47842079999985;98.47842079999985;98.47842079999985;98.47842079999985;98.47842079999985;98.47842079999985;99.79640879999995;98.47842079999985;
15.085394666666632;98.47832079999985;98.47832079999985;98.47832079999985;98.47832079999985;98.47832079999985;98.47832079999985;98.47832079999985;98.47832079999985;98.47832079999985;98.47832079999985;98.47832079999985;98.47832079999985;98.47832079999985;19160.0;98.47832079999985;98.47832079999985;98.47832079999985;98.47832079999985;98.47832079999985;98.47832079999985;99.79640879999995;98.47832079999985;
15.103333333333298;98.47832079999985;98.47832079999985;98.47832079999985;98.47832079999985;98.47832079999985;98.47832079999985;98.47832079999985;98.47832079999985;98.47832079999985;98.47832079999985;98.47832079999985;98.47832079999985;98.47832079999985;19160.0;98.47832079999985;98.47832079999985;98.47832079999985;98.47832079999985;98.47832079999985;98.47832079999985;99.79640879999995;98.47832079999985;
15.203333333333298;98.47832079999985;98.47832079999985;98.47832079999985;98.47832079999985;98.47832079999985;98.47832079999985;98.47832079999985;98.47832079999985;98.47832079999985;98.47832079999985;98.47832079999985;98.47832079999985;98.47832079999985;19160.0;98.47832079999985;98.47832079999985;98.47832079999985;98.47832079999985;98.47832079999985;98.47832079999985;99.79640879999995;98.47832079999985;
15.303333333333297;98.47832079999985;98.47832079999985;98.47832079999985;98.47832079999985;98.47832079999985;98.47832079999985;98.47832079999985;98.47832079999985;98.47832079999985;98.47832079999985;98.47832079999985;98.47832079999985;98.47832079999985;19160.0;98.47832079999985;98.47832079999985;98.47832079999985;98.47832079999985;98.47832079999985;98.47832079999985;99.79640879999995;98.47832079999985;
15.385394666666631;98.47832079999985;98.47832079999985;98.47832079999985;98.47832079999985;98.47832079999985;98.47832079999985;98.47832079999985;98.47832079999985;98.47832079999985;98.47832079999985;98.47832079999985;98.47832079999985;98.47832079999985;19160.0;98.47832079999985;98.47832079999985;98.47832079999985;98.47832079999985;98.47832079999985;98.47832079999985;99.79630879999995;98.47832079999985;
15.403333333333297;98.47832079999985;98.47832079999985;98.47832079999985;98.47832079999985;98.47832079999985;98.47832079999985;98.47832079999985;98.47832079999985;98.47832079999985;98.47832079999985;98.47832079999985;98.47832079999985;98.47832079999985;19160.0;98.47832079999985;98.47832079999985;98.47832079999985;98.47832079999985;98.47832079999985;98.47832079999985;99.79630879999995;98.47832079999985;
15.48539466666663;98.47832079999985;98.47832079999985;98.47832079999985;98.47832079999985;98.47832079999985;98.47832079999985;98.47832079999985;98.47832079999985;98.47832079999985;98.47832079999985;98.47832079999985;98.47832079999985;98.47832079999985;19160.0;98.47832079999985;98.47832079999985;98.47832079999985;98.47832079999985;98.47832079999985;98.47832079999985;99.79630879999995;98.47832079999985;
15.503333333333297;98.47832079999985;98.47832079999985;98.47832079999985;98.47832079999985;98.47832079999985;98.47832079999985;98.47832079999985;98.47832079999985;98.47832079999985;98.47832079999985;98.47832079999985;98.47832079999985;98.47832079999985;19160.0;98.47832079999985;98.47832079999985;98.47832079999985;98.47832079999985;98.47832079999985;98.47832079999985;99.79630879999995;98.47832079999985;
15.603333333333296;98.47832079999985;98.47832079999985;98.47832079999985;98.47832079999985;98.47832079999985;98.47832079999985;98.47832079999985;98.47832079999985;98.47832079999985;98.47832079999985;98.47832079999985;98.47832079999985;98.47832079999985;19160.0;98.47832079999985;98.47832079999985;98.47832079999985;98.47832079999985;98.47832079999985;98.47832079999985;99.79630879999995;98.47832079999985;
15.703333333333296;98.47832079999985;98.47832079999985;98.47832079999985;98.47832079999985;98.47832079999985;98.47832079999985;98.47832079999985;98.47832079999985;98.47832079999985;98.47832079999985;98.47832079999985;98.47832079999985;98.47832079999985;19160.0;98.47832079999985;98.47832079999985;98.47832079999985;98.47832079999985;98.47832079999985;98.47832079999985;99.79630879999995;98.47832079999985;
15.803333333333295;98.47832079999985;98.47832079999985;98.47832079999985;98.47832079999985;98.47832079999985;98.47832079999985;98.47832079999985;98.47832079999985;98.47832079999985;98.47832079999985;98.47832079999985;98.47832079999985;98.47832079999985;19160.0;98.47832079999985;98.47832079999985;98.47832079999985;98.47832079999985;98.47832079999985;98.47832079999985;99.79630879999995;98.47832079999985;
15.903333333333295;98.47832079999985;98.47832079999985;98.47832079999985;98.47832079999985;98.47832079999985;98.47832079999985;98.47832079999985;98.47832079999985;98.47832079999985;98.47832079999985;98.47832079999985;98.47832079999985;98.47832079999985;19160.0;98.47832079999985;98.47832079999985;98.47832079999985;98.47832079999985;98.47832079999985;98.47832079999985;99.79630879999995;98.47832079999985;
16.003333333333295;98.47832079999985;98.47832079999985;98.47832079999985;98.47832079999985;98.47832079999985;98.47832079999985;98.47832079999985;98.47832079999985;98.47832079999985;98.47832079999985;98.47832079999985;98.47832079999985;98.47832079999985;19160.0;98.47832079999985;98.47832079999985;98.47832079999985;98.47832079999985;98.47832079999985;98.47832079999985;99.79630879999995;98.47832079999985;
16.08539466666663;98.47822079999985;98.47822079999985;98.47822079999985;98.47822079999985;98.47822079999985;98.47822079999985;98.47822079999985;98.47822079999985;98.47822079999985;98.47822079999985;98.47822079999985;98.47822079999985;98.47822079999985;19160.0;98.47822079999985;98.47822079999985;98.47822079999985;98.47822079999985;98.47822079999985;98.47822079999985;99.79630879999995;98.47822079999985;
16.103333333333296;98.47822079999985;98.47822079999985;98.47822079999985;98.47822079999985;98.47822079999985;98.47822079999985;98.47822079999985;98.47822079999985;98.47822079999985;98.47822079999985;98.47822079999985;98.47822079999985;98.47822079999985;19160.0;98.47822079999985;98.47822079999985;98.47822079999985;98.47822079999985;98.47822079999985;98.47822079999985;99.79630879999995;98.47822079999985;
16.203333333333298;98.47822079999985;98.47822079999985;98.47822079999985;98.47822079999985;98.47822079999985;98.47822079999985;98.47822079999985;98.47822079999985;98.47822079999985;98.47822079999985;98.47822079999985;98.47822079999985;98.47822079999985;19160.0;98.47822079999985;98.47822079999985;98.47822079999985;98.47822079999985;98.47822079999985;98.47822079999985;99.79630879999995;98.47822079999985;
16.3033333333333;98.47822079999985;98.47822079999985;98.47822079999985;98.47822079999985;98.47822079999985;98.47822079999985;98.47822079999985;98.47822079999985;98.47822079999985;98.47822079999985;98.47822079999985;98.47822079999985;98.47822079999985;19160.0;98.47822079999985;98.47822079999985;98.47822079999985;98.47822079999985;98.47822079999985;98.47822079999985;99.79630879999995;98.47822079999985;
16.4033333333333;98.47822079999985;98.47822079999985;98.47822079999985;98.47822079999985;98.47822079999985;98.47822079999985;98.47822079999985;98.47822079999985;98.47822079999985;98.47822079999985;98.47822079999985;98.47822079999985;98.47822079999985;19160.0;98.47822079999985;98.47822079999985;98.47822079999985;98.47822079999985;98.47822079999985;98.47822079999985;99.79630879999995;98.47822079999985;
16.485394666666636;98.47822079999985;98.47822079999985;98.47822079999985;98.47822079999985;98.47822079999985;98.47822079999985;98.47822079999985;98.47822079999985;98.47822079999985;98.47822079999985;98.47822079999985;98.47822079999985;98.47822079999985;19160.0;98.47822079999985;98.47822079999985;98.47822079999985;98.47822079999985;98.47822079999985;98.47822079999985;99.79620879999995;98.47822079999985;
16.503333333333302;98.47822079999985;98.47822079999985;98.47822079999985;98.47822079999985;98.47822079999985;98.47822079999985;98.47822079999985;98.47822079999985;98.47822079999985;98.47822079999985;98.47822079999985;98.47822079999985;98.47822079999985;19160.0;98.47822079999985;98.47822079999985;98.47822079999985;98.47822079999985;98.47822079999985;98.47822079999985;99.79620879999995;98.47822079999985;
16.585394666666637;98.47822079999985;98.47822079999985;98.47822079999985;98.47822079999985;98.47822079999985;98.47822079999985;98.47822079999985;98.47822079999985;98.47822079999985;98.47822079999985;98.47822079999985;98.47822079999985;98.47822079999985;19160.0;98.47822079999985;98.47822079999985;98.47822079999985;98.47822079999985;98.47822079999985;98.47822079999985;99.79620879999995;98.47822079999985;
16.603333333333303;98.47822079999985;98.47822079999985;98.47822079999985;98.47822079999985;98.47822079999985;98.47822079999985;98.47822079999985;98.47822079999985;98.47822079999985;98.47822079999985;98.47822079999985;98.47822079999985;98.47822079999985;19160.0;98.47822079999985;98.47822079999985;98.47822079999985;98.47822079999985;98.47822079999985;98.47822079999985;99.79620879999995;98.47822079999985;
16.703333333333305;98.47822079999985;98.47822079999985;98.47822079999985;98.47822079999985;98.47822079999985;98.47822079999985;98.47822079999985;98.47822079999985;98.47822079999985;98.47822079999985;98.47822079999985;98.47822079999985;98.47822079999985;19160.0;98.47822079999985;98.47822079999985;98.47822079999985;98.47822079999985;98.47822079999985;98.47822079999985;99.79620879999995;98.47822079999985;
16.803333333333306;98.47822079999985;98.47822079999985;98.47822079999985;98.47822079999985;98.47822079999985;98.47822079999985;98.47822079999985;98.47822079999985;98.47822079999985;98.47822079999985;98.47822079999985;98.47822079999985;98.47822079999985;19160.0;98.47822079999985;98.47822079999985;98.47822079999985;98.47822079999985;98.47822079999985;98.47822079999985;99.79620879999995;98.47822079999985;
16.903333333333308;98.47822079999985;98.47822079999985;98.47822079999985;98.47822079999985;98.47822079999985;98.47822079999985;98.47822079999985;98.47822079999985;98.47822079999985;98.47822079999985;98.47822079999985;98.47822079999985;98.47822079999985;19160.0;98.47822079999985;98.47822079999985;98.47822079999985;98.47822079999985;98.47822079999985;98.47822079999985;99.79620879999995;98.47822079999985;
17.00333333333331;98.47822079999985;98.47822079999985;98.47822079999985;98.47822079999985;98.47822079999985;98.47822079999985;98.47822079999985;98.47822079999985;98.47822079999985;98.47822079999985;98.47822079999985;98.47822079999985;98.47822079999985;19160.0;98.47822079999985;98.47822079999985;98.47822079999985;98.47822079999985;98.47822079999985;98.47822079999985;99.79620879999995;98.47822079999985;
17.085394666666645;98.47812079999984;98.47812079999984;98.47812079999984;98.47812079999984;98.47812079999984;98.47812079999984;98.47812079999984;98.47812079999984;98.47812079999984;98.47812079999984;98.47812079999984;98.47812079999984;98.47812079999984;19160.0;98.47812079999984;98.47812079999984;98.47812079999984;98.47812079999984;98.47812079999984;98.47812079999984;99.79620879999995;98.47812079999984;
17.10333333333331;98.47812079999984;98.47812079999984;98.47812079999984;98.47812079999984;98.47812079999984;98.47812079999984;98.47812079999984;98.47812079999984;98.47812079999984;98.47812079999984;98.47812079999984;98.47812079999984;98.47812079999984;19160.0;98.47812079999984;98.47812079999984;98.47812079999984;98.47812079999984;98.47812079999984;98.47812079999984;99.79620879999995;98.47812079999984;
17.203333333333312;98.47812079999984;98.47812079999984;98.47812079999984;98.47812079999984;98.47812079999984;98.47812079999984;98.47812079999984;98.47812079999984;98.47812079999984;98.47812079999984;98.47812079999984;98.47812079999984;98.47812079999984;19160.0;98.47812079999984;98.47812079999984;98.47812079999984;98.47812079999984;98.47812079999984;98.47812079999984;99.79620879999995;98.47812079999984;
17.303333333333313;98.47812079999984;98.47812079999984;98.47812079999984;98.47812079999984;98.47812079999984;98.47812079999984;98.47812079999984;98.47812079999984;98.47812079999984;98.47812079999984;98.47812079999984;98.47812079999984;98.47812079999984;19160.0;98.47812079999984;98.47812079999984;98.47812079999984;98.47812079999984;98.47812079999984;98.47812079999984;99.79620879999995;98.47812079999984;
17.403333333333315;98.47812079999984;98.47812079999984;98.47812079999984;98.47812079999984;98.47812079999984;98.47812079999984;98.47812079999984;98.47812079999984;98.47812079999984;98.47812079999984;98.47812079999984;98.47812079999984;98.47812079999984;19160.0;98.47812079999984;98.47812079999984;98.47812079999984;98.47812079999984;98.47812079999984;98.47812079999984;99.79620879999995;98.47812079999984;
17.503333333333316;98.47812079999984;98.47812079999984;98.47812079999984;98.47812079999984;98.47812079999984;98.47812079999984;98.47812079999984;98.47812079999984;98.47812079999984;98.47812079999984;98.47812079999984;98.47812079999984;98.47812079999984;19160.0;98.47812079999984;98.47812079999984;98.47812079999984;98.47812079999984;98.47812079999984;98.47812079999984;99.79620879999995;98.47812079999984;
17.58539466666665;98.47812079999984;98.47812079999984;98.47812079999984;98.47812079999984;98.47812079999984;98.47812079999984;98.47812079999984;98.47812079999984;98.47812079999984;98.47812079999984;98.47812079999984;98.47812079999984;98.47812079999984;19160.0;98.47812079999984;98.47812079999984;98.47812079999984;98.47812079999984;98.47812079999984;98.47812079999984;99.79610879999994;98.47812079999984;
17.603333333333318;98.47812079999984;98.47812079999984;98.47812079999984;98.47812079999984;98.47812079999984;98.47812079999984;98.47812079999984;98.47812079999984;98.47812079999984;98.47812079999984;98.47812079999984;98.47812079999984;98.47812079999984;19160.0;98.47812079999984;98.47812079999984;98.47812079999984;98.47812079999984;98.47812079999984;98.47812079999984;99.79610879999994;98.47812079999984;
17.685394666666653;98.47812079999984;98.47812079999984;98.47812079999984;98.47812079999984;98.47812079999984;98.47812079999984;98.47812079999984;98.47812079999984;98.47812079999984;98.47812079999984;98.47812079999984;98.47812079999984;98.47812079999984;19160.0;98.47812079999984;98.47812079999984;98.47812079999984;98.47812079999984;98.47812079999984;98.47812079999984;99.79610879999994;98.47812079999984;
17.70333333333332;98.47812079999984;98.47812079999984;98.47812079999984;98.47812079999984;98.47812079999984;98.47812079999984;98.47812079999984;98.47812079999984;98.47812079999984;98.47812079999984;98.47812079999984;98.47812079999984;98.47812079999984;19160.0;98.47812079999984;98.47812079999984;98.47812079999984;98.47812079999984;98.47812079999984;98.47812079999984;99.79610879999994;98.47812079999984;
17.80333333333332;98.47812079999984;98.47812079999984;98.47812079999984;98.47812079999984;98.47812079999984;98.47812079999984;98.47812079999984;98.47812079999984;98.47812079999984;98.47812079999984;98.47812079999984;98.47812079999984;98.47812079999984;19160.0;98.47812079999984;98.47812079999984;98.47812079999984;98.47812079999984;98.47812079999984;98.47812079999984;99.79610879999994;98.47812079999984;
17.90333333333332;98.47812079999984;98.47812079999984;98.47812079999984;98.47812079999984;98.47812079999984;98.47812079999984;98.47812079999984;98.47812079999984;98.47812079999984;98.47812079999984;98.47812079999984;98.47812079999984;98.47812079999984;19160.0;98.47812079999984;98.47812079999984;98.47812079999984;98.47812079999984;98.47812079999984;98.47812079999984;99.79610879999994;98.47812079999984;
18.0;98.47812079999984;98.47812079999984;98.47812079999984;98.47812079999984;98.47812079999984;98.47812079999984;98.47812079999984;98.47812079999984;98.47812079999984;98.47812079999984;98.47812079999984;98.47812079999984;98.47812079999984;19160.0;98.47812079999984;98.47812079999984;98.47812079999984;98.47812079999984;98.47812079999984;98.47812079999984;99.79610879999994;98.47812079999984;
18.003333333333323;98.47812079999984;98.47812079999984;98.47812079999984;98.47812079999984;98.47812079999984;98.47812079999984;98.47812079999984;98.47812079999984;98.47812079999984;98.47812079999984;98.47812079999984;98.47812079999984;98.47812079999984;19160.0;98.47812079999984;98.47812079999984;98.47812079999984;98.47812079999984;98.47812079999984;98.47812079999984;99.79610879999994;98.47812079999984;
18.08539466666666;98.47802079999984;98.47802079999984;98.47802079999984;98.47802079999984;98.47802079999984;98.47802079999984;98.47802079999984;98.47802079999984;98.47802079999984;98.47802079999984;98.47802079999984;98.47802079999984;98.47802079999984;19160.0;98.47802079999984;98.47802079999984;98.47802079999984;98.47802079999984;98.47802079999984;98.47802079999984;99.79610879999994;98.47802079999984;
18.103333333333325;98.47802079999984;98.47802079999984;98.47802079999984;98.47802079999984;98.47802079999984;98.47802079999984;98.47802079999984;98.47802079999984;98.47802079999984;98.47802079999984;98.47802079999984;98.47802079999984;98.47802079999984;19160.0;98.47802079999984;98.47802079999984;98.47802079999984;98.47802079999984;98.47802079999984;98.47802079999984;99.79610879999994;98.47802079999984;
18.203333333333326;98.47802079999984;98.47802079999984;98.47802079999984;98.47802079999984;98.47802079999984;98.47802079999984;98.47802079999984;98.47802079999984;98.47802079999984;98.47802079999984;98.47802079999984;98.47802079999984;98.47802079999984;19160.0;98.47802079999984;98.47802079999984;98.47802079999984;98.47802079999984;98.47802079999984;98.47802079999984;99.79610879999994;98.47802079999984;
18.303333333333327;98.47802079999984;98.47802079999984;98.47802079999984;98.47802079999984;98.47802079999984;98.47802079999984;98.47802079999984;98.47802079999984;98.47802079999984;98.47802079999984;98.47802079999984;98.47802079999984;98.47802079999984;19160.0;98.47802079999984;98.47802079999984;98.47802079999984;98.47802079999984;98.47802079999984;98.47802079999984;99.79610879999994;98.47802079999984;
18.40333333333333;98.47802079999984;98.47802079999984;98.47802079999984;98.47802079999984;98.47802079999984;98.47802079999984;98.47802079999984;98.47802079999984;98.47802079999984;98.47802079999984;98.47802079999984;98.47802079999984;98.47802079999984;19160.0;98.47802079999984;98.47802079999984;98.47802079999984;98.47802079999984;98.47802079999984;98.47802079999984;99.79610879999994;98.47802079999984;
